,Yield,BiologicalMaterial01,BiologicalMaterial02,BiologicalMaterial03,BiologicalMaterial04,BiologicalMaterial05,BiologicalMaterial06,BiologicalMaterial07,BiologicalMaterial08,BiologicalMaterial09,BiologicalMaterial10,BiologicalMaterial11,BiologicalMaterial12,ManufacturingProcess01,ManufacturingProcess02,ManufacturingProcess03,ManufacturingProcess04,ManufacturingProcess05,ManufacturingProcess06,ManufacturingProcess07,ManufacturingProcess08,ManufacturingProcess09,ManufacturingProcess10,ManufacturingProcess11,ManufacturingProcess12,ManufacturingProcess13,ManufacturingProcess14,ManufacturingProcess15,ManufacturingProcess16,ManufacturingProcess17,ManufacturingProcess18,ManufacturingProcess19,ManufacturingProcess20,ManufacturingProcess21,ManufacturingProcess22,ManufacturingProcess23,ManufacturingProcess24,ManufacturingProcess25,ManufacturingProcess26,ManufacturingProcess27,ManufacturingProcess28,ManufacturingProcess29,ManufacturingProcess30,ManufacturingProcess31,ManufacturingProcess32,ManufacturingProcess33,ManufacturingProcess34,ManufacturingProcess35,ManufacturingProcess36,ManufacturingProcess37,ManufacturingProcess38,ManufacturingProcess39,ManufacturingProcess40,ManufacturingProcess41,ManufacturingProcess42,ManufacturingProcess43,ManufacturingProcess44,ManufacturingProcess45
0,38.0,6.25,49.58,56.97,12.74,19.51,43.73,100.0,16.66,11.44,3.46,138.09,18.83,,,,,,,,,43.0,,,,35.5,4898.0,6108.0,4682.0,35.5,4865.0,6049.0,4665.0,0.0,,,,4873.0,6074.0,4685.0,10.7,21.0,9.9,69.1,156.0,66.0,2.4,486.0,0.019,0.5,3.0,7.2,,,11.6,3.0,1.8,2.4
1,42.44,8.01,60.97,67.48,14.65,19.36,53.14,100.0,19.04,12.55,3.46,153.67,21.05,0.0,0.0,,917.0,1032.2,210.0,177.0,178.0,46.57,,,0.0,34.0,4869.0,6095.0,4617.0,34.0,4867.0,6097.0,4621.0,0.0,3.0,0.0,3.0,4869.0,6107.0,4630.0,11.2,21.4,9.9,68.7,169.0,66.0,2.6,508.0,0.019,2.0,2.0,7.2,0.1,0.15,11.1,0.9,1.9,2.2
2,42.03,8.01,60.97,67.48,14.65,19.36,53.14,100.0,19.04,12.55,3.46,153.67,21.05,0.0,0.0,,912.0,1003.6,207.1,178.0,178.0,45.07,,,0.0,34.8,4878.0,6087.0,4617.0,34.8,4877.0,6078.0,4621.0,0.0,4.0,1.0,4.0,4897.0,6116.0,4637.0,11.1,21.3,9.4,69.3,173.0,66.0,2.6,509.0,0.018,0.7,2.0,7.2,0.0,0.0,12.0,1.0,1.8,2.3
3,41.42,8.01,60.97,67.48,14.65,19.36,53.14,100.0,19.04,12.55,3.46,153.67,21.05,0.0,0.0,,911.0,1014.6,213.3,177.0,177.0,44.92,,,0.0,34.8,4897.0,6102.0,4635.0,34.8,4872.0,6073.0,4611.0,0.0,5.0,2.0,5.0,4892.0,6111.0,4630.0,11.1,21.3,9.4,69.3,171.0,68.0,2.5,496.0,0.018,1.2,2.0,7.2,0.0,0.0,10.6,1.1,1.8,2.1
4,42.49,7.47,63.33,72.25,14.02,17.91,54.66,100.0,18.22,12.8,3.05,147.61,21.05,10.7,0.0,,918.0,1027.5,205.7,178.0,178.0,44.96,,,0.0,34.6,4992.0,6233.0,4733.0,33.9,4886.0,6102.0,4659.0,-0.7,8.0,4.0,18.0,4930.0,6151.0,4684.0,11.3,21.6,9.0,69.4,171.0,70.0,2.5,468.0,0.017,0.2,2.0,7.3,0.0,0.0,11.0,1.1,1.7,2.1
5,43.57,6.12,58.36,65.31,15.17,21.79,51.23,100.0,18.3,12.13,3.78,151.88,20.76,12.0,0.0,,924.0,1016.8,208.9,178.0,178.0,45.32,,,0.0,34.0,4985.0,6222.0,4786.0,33.4,4862.0,6115.0,4696.0,-0.6,9.0,1.0,1.0,4871.0,6128.0,4687.0,11.4,21.7,10.1,68.2,173.0,70.0,2.5,490.0,0.018,0.4,2.0,7.2,0.0,0.0,11.5,2.2,1.8,2.0
6,43.12,7.48,64.47,72.41,13.82,17.71,54.45,100.0,18.72,12.95,3.04,147.11,20.75,11.5,0.0,1.56,933.0,988.9,210.0,177.0,178.0,49.36,11.6,11.5,0.0,32.4,4745.0,5999.0,4486.0,33.8,4758.0,6013.0,4522.0,1.4,1.0,1.0,1.0,4795.0,6057.0,4572.0,11.2,21.2,11.2,67.6,159.0,65.0,2.5,475.0,0.019,0.8,2.0,7.3,0.0,0.0,11.7,0.7,2.0,2.2
7,43.06,6.94,63.6,72.06,15.7,19.42,54.72,100.0,18.85,13.13,3.85,154.2,21.45,12.0,0.0,1.55,929.0,1010.9,211.7,178.0,178.0,48.68,10.2,11.3,0.0,33.6,4854.0,6105.0,4626.0,33.6,4766.0,6022.0,4552.0,0.0,2.0,2.0,2.0,4806.0,6059.0,4586.0,11.1,21.2,10.9,67.9,161.0,65.0,2.5,478.0,0.019,1.0,2.0,7.3,0.0,0.0,11.4,0.8,2.0,2.2
8,41.49,6.94,63.6,72.06,15.7,19.42,54.72,100.0,18.85,13.13,3.85,154.2,21.45,12.0,0.0,1.56,928.0,1003.5,208.7,177.0,177.0,47.2,9.7,11.1,0.0,33.9,4893.0,6144.0,4658.0,33.9,4769.0,6033.0,4556.0,0.0,3.0,3.0,3.0,4842.0,6103.0,4609.0,11.3,21.5,10.5,68.0,160.0,65.0,2.5,491.0,0.019,1.2,3.0,7.4,0.0,0.0,11.4,0.9,1.9,2.1
9,42.45,6.94,63.6,72.06,15.7,19.42,54.72,100.0,18.85,13.13,3.85,154.2,21.45,12.0,0.0,1.55,938.0,1003.8,209.8,177.0,177.0,47.11,10.1,10.2,0.0,34.3,4846.0,6077.0,4614.0,35.3,4840.0,6091.0,4614.0,1.0,4.0,1.0,4.0,4893.0,6135.0,4650.0,11.4,21.7,9.8,68.5,164.0,66.0,2.5,488.0,0.019,1.8,3.0,7.1,0.0,0.0,11.3,0.8,1.9,2.4
10,42.04,7.17,61.23,70.01,13.36,18.67,52.83,100.0,17.88,12.62,2.9,143.28,20.21,10.3,0.0,1.55,932.0,983.1,209.4,177.0,177.0,46.24,9.0,9.5,0.0,35.8,4944.0,6156.0,4690.0,35.8,4900.0,6126.0,4665.0,0.0,6.0,3.0,6.0,4925.0,6161.0,4687.0,11.5,21.9,9.4,68.7,166.0,67.0,2.5,493.0,0.019,1.5,2.0,7.0,0.0,0.0,11.0,1.0,1.9,1.8
11,42.68,7.17,61.23,70.01,13.36,18.67,52.83,100.0,17.88,12.62,2.9,143.28,20.21,10.3,0.0,1.55,930.0,992.0,209.4,178.0,178.0,46.1,8.8,9.7,0.0,35.6,4959.0,6178.0,4708.0,35.2,4878.0,6134.0,4673.0,-0.4,7.0,4.0,7.0,4924.0,6161.0,4692.0,11.5,22.0,9.4,68.6,169.0,67.0,2.5,498.0,0.018,0.3,3.0,7.0,0.0,0.0,11.2,0.8,2.0,1.8
12,43.44,7.17,61.23,70.01,13.36,18.67,52.83,100.0,17.88,12.62,2.9,143.28,20.21,10.3,0.0,1.55,934.0,1004.1,207.8,177.0,177.0,47.53,9.3,10.4,0.0,35.1,4917.0,6158.0,4704.0,35.1,4835.0,6090.0,4651.0,0.0,8.0,1.0,8.0,4888.0,6129.0,4653.0,11.4,21.7,9.9,68.4,166.0,68.0,2.4,490.0,0.018,1.1,3.0,7.1,0.0,0.0,11.1,0.8,1.9,2.4
13,40.28,7.63,60.51,69.24,17.59,20.67,52.83,100.0,18.74,13.21,4.94,158.42,21.77,11.1,0.0,1.59,934.0,1036.8,209.1,178.0,178.0,45.28,9.6,9.8,0.0,34.9,4882.0,6108.0,4655.0,35.8,4858.0,6070.0,4628.0,0.9,10.0,2.0,2.0,4911.0,6124.0,4684.0,11.1,21.5,9.4,69.1,161.0,66.0,2.4,490.0,0.019,0.6,3.0,7.4,0.0,0.0,11.7,0.6,1.7,1.9
14,41.5,6.23,62.93,69.74,11.8,20.54,54.57,100.0,18.89,12.82,2.3,152.83,22.18,11.3,0.0,,930.0,1120.7,207.8,177.0,177.0,46.44,9.4,10.2,0.0,35.3,4918.0,6156.0,4690.0,35.3,4849.0,6093.0,4646.0,0.0,11.0,3.0,15.0,4874.0,6125.0,4659.0,11.3,21.6,9.9,68.5,160.0,64.0,2.5,490.0,0.019,1.6,3.0,7.2,0.0,0.0,11.6,0.8,1.9,2.0
15,41.21,7.13,60.3,68.18,13.8,20.72,52.49,100.0,18.68,12.75,3.25,152.82,21.35,11.1,0.0,,928.0,1073.6,207.1,177.0,177.0,45.4,9.6,10.2,0.0,35.4,4805.0,6124.0,4666.0,35.5,4842.0,6091.0,4641.0,0.1,12.0,4.0,16.0,4848.0,6095.0,4630.0,11.1,21.2,10.3,68.5,166.0,66.0,2.5,493.0,0.019,1.2,3.0,7.3,0.1,0.2,11.6,1.0,1.9,2.5
16,40.89,7.85,58.22,66.95,15.38,20.86,50.84,100.0,18.51,12.7,4.01,152.82,20.7,11.1,0.0,,928.0,1027.5,205.9,177.0,177.0,45.54,9.0,10.0,0.0,35.8,4942.0,6177.0,4725.0,35.8,4858.0,6100.0,4656.0,0.0,1.0,1.0,1.0,4860.0,6100.0,4659.0,11.1,21.3,10.0,68.7,167.0,68.0,2.5,495.0,0.019,1.3,3.0,7.4,0.0,0.0,11.5,1.1,1.9,2.3
17,40.14,7.64,59.44,67.22,15.67,21.5,52.02,100.0,18.72,12.86,4.16,156.51,21.47,12.4,0.0,,930.0,1021.4,208.4,177.0,177.0,45.73,9.5,10.6,0.0,35.5,4899.0,6123.0,4692.0,35.5,4811.0,6041.0,4636.0,0.0,2.0,1.0,2.0,4815.0,6055.0,4631.0,10.8,20.9,10.6,69.0,157.0,64.0,2.5,497.0,0.02,1.1,3.0,7.4,0.0,0.0,11.7,1.7,1.8,2.2
18,39.3,7.51,59.74,67.28,15.72,21.8,52.3,100.0,18.81,12.98,4.24,158.36,21.82,12.7,0.0,,929.0,1092.2,207.5,178.0,178.0,44.46,8.9,9.8,0.0,35.5,4957.0,6181.0,4751.0,35.5,4887.0,6124.0,4710.0,0.0,3.0,2.0,3.0,4876.0,6109.0,4696.0,11.1,21.4,9.8,68.8,156.0,64.0,2.4,514.0,0.021,0.7,3.0,7.3,0.0,0.0,11.6,1.8,1.7,2.3
19,39.53,7.51,59.74,67.28,15.72,21.8,52.3,100.0,18.81,12.98,4.24,158.36,21.82,12.7,0.0,,929.0,1175.3,204.1,177.0,177.0,45.02,8.9,9.9,0.0,35.6,4961.0,6180.0,4775.0,35.6,4869.0,6094.0,4690.0,0.0,4.0,3.0,4.0,4850.0,6094.0,4665.0,11.0,21.2,10.1,68.7,155.0,62.0,2.5,490.0,0.02,1.2,2.0,7.3,0.0,0.0,11.4,1.5,1.5,2.0
20,40.22,7.51,59.74,67.28,15.72,21.8,52.3,100.0,18.81,12.98,4.24,158.36,21.82,12.7,0.0,1.56,925.0,1102.8,206.6,178.0,178.0,45.22,9.0,10.0,0.0,35.2,4949.0,6161.0,4766.0,35.2,4871.0,6108.0,4705.0,0.0,5.0,4.0,5.0,4879.0,6117.0,4696.0,11.1,21.5,9.9,68.7,157.0,63.0,2.5,495.0,0.02,0.9,3.0,7.3,0.1,0.2,11.4,2.0,1.6,2.0
21,41.18,7.08,61.83,70.69,13.43,17.72,53.27,100.0,19.14,13.38,3.02,153.1,21.9,10.9,0.0,,936.0,1024.4,218.7,178.0,178.0,47.04,,,0.0,33.2,4791.0,6026.0,4482.0,35.7,0.0,6111.0,0.0,2.5,6.0,2.0,16.0,4918.0,6152.0,4618.0,11.4,21.1,8.8,70.1,162.0,68.0,2.4,479.0,0.018,0.9,2.0,7.4,0.0,0.0,11.9,0.8,1.9,2.1
22,40.7,6.58,58.38,67.17,12.22,18.46,51.45,100.0,18.22,12.83,2.69,148.49,21.23,11.1,0.0,,937.0,997.7,209.6,177.0,177.0,46.43,,,0.0,32.9,,6002.0,0.0,36.5,4902.0,6120.0,4621.0,3.6,7.0,3.0,17.0,4906.0,6134.0,4626.0,11.2,21.0,8.9,70.1,160.0,66.0,2.4,492.0,0.019,1.5,3.0,7.4,0.0,0.0,11.6,0.8,1.9,2.4
23,41.89,6.27,56.23,64.98,11.47,18.93,50.31,100.0,17.64,12.48,2.49,145.61,20.81,11.3,0.0,,940.0,1031.3,215.1,177.0,177.0,47.09,,,0.0,33.6,4864.0,6085.0,4615.0,35.1,4847.0,6072.0,4607.0,1.5,1.0,1.0,1.0,4875.0,6095.0,4606.0,11.2,20.9,9.5,69.7,161.0,65.0,2.5,468.0,0.018,1.3,2.0,7.2,0.0,0.0,11.4,1.1,2.0,1.8
24,43.38,8.17,63.66,73.44,18.37,23.76,56.64,100.0,17.94,12.18,4.15,151.54,20.27,9.0,0.0,1.54,934.0,1007.3,209.4,178.0,178.0,47.28,11.1,9.0,0.0,33.3,4750.0,5994.0,4517.0,36.3,4887.0,6146.0,4653.0,3.0,5.0,5.0,12.0,4907.0,6150.0,4631.0,11.5,21.3,9.2,69.5,167.0,66.0,2.5,505.0,0.019,1.0,2.0,7.2,0.0,0.0,11.5,0.7,1.7,2.4
25,36.83,6.6,55.74,66.25,11.83,22.52,48.95,100.0,16.67,12.11,2.75,140.84,19.07,11.6,0.0,1.52,930.0,950.7,203.6,178.0,178.0,38.89,9.2,7.6,0.0,37.3,4840.0,5988.0,4577.0,40.0,4971.0,6114.0,4657.0,2.7,1.0,1.0,6.0,4990.0,6160.0,4693.0,11.0,21.0,7.5,71.5,161.0,65.0,2.5,500.0,0.019,0.9,3.0,6.9,0.0,0.0,11.8,0.8,1.7,2.2
26,35.25,6.9,54.26,60.99,12.22,20.16,47.23,100.0,16.57,11.73,3.06,139.52,18.62,9.2,0.0,1.53,926.0,955.8,203.0,177.0,178.0,39.02,8.4,7.5,0.0,38.0,4894.0,6022.0,4590.0,40.0,4971.0,6107.0,4675.0,2.0,2.0,2.0,7.0,4966.0,6112.0,4660.0,10.7,20.6,7.6,71.9,159.0,65.0,2.4,492.0,0.019,0.9,3.0,7.1,0.0,0.0,11.7,0.7,1.7,2.0
27,36.12,6.86,55.66,63.43,12.53,20.39,48.94,100.0,16.71,11.94,3.07,142.45,19.12,9.2,0.0,1.54,922.0,975.8,203.6,178.0,178.0,40.46,7.8,7.5,0.0,38.1,4942.0,6081.0,4645.0,39.3,4967.0,6117.0,4664.0,1.2,3.0,3.0,8.0,4961.0,6112.0,4649.0,10.7,20.5,7.6,71.8,157.0,64.0,2.5,522.0,0.021,0.9,3.0,7.4,0.0,0.0,11.6,1.3,1.7,2.2
28,38.52,6.67,63.44,76.94,14.28,21.67,58.42,100.0,17.47,13.12,3.1,158.66,21.88,9.2,0.0,1.52,924.0,986.9,206.4,177.0,177.0,42.67,7.5,7.7,0.0,38.6,5055.0,6213.0,4714.0,37.7,4960.0,6123.0,4639.0,-0.9,4.0,4.0,9.0,4966.0,6137.0,4641.0,10.8,20.7,7.6,71.7,158.0,63.0,2.5,499.0,0.02,1.9,3.0,7.3,0.1,0.2,11.7,0.8,1.7,2.2
29,38.35,6.53,61.68,77.15,11.81,21.12,59.38,100.0,17.31,12.83,2.14,154.56,22.18,10.4,0.0,1.52,921.0,1001.1,205.5,178.0,178.0,44.95,9.4,9.0,0.0,35.3,4831.0,6017.0,4556.0,35.3,4866.0,6028.0,4573.0,0.0,6.0,4.0,4.0,4863.0,6039.0,4564.0,10.6,20.1,9.0,70.9,157.0,64.0,2.5,504.0,0.02,0.7,3.0,6.8,0.0,0.0,11.6,0.5,1.9,2.2
30,39.98,6.89,61.54,76.07,12.41,21.14,57.89,100.0,17.42,12.79,2.35,153.0,21.58,10.3,0.0,1.54,928.0,1006.7,206.2,177.0,177.0,46.27,9.0,9.1,0.0,35.4,4872.0,6050.0,4585.0,35.0,4857.0,6036.0,4579.0,-0.4,7.0,1.0,5.0,4872.0,6060.0,4583.0,10.7,20.4,9.1,70.6,160.0,63.0,2.5,486.0,0.019,1.6,2.0,7.1,0.0,0.0,11.7,0.6,2.0,2.4
31,41.87,7.13,61.39,74.1,13.27,20.96,55.95,100.0,17.58,12.63,2.61,151.0,20.8,11.2,0.0,1.53,926.0,1024.0,208.2,178.0,178.0,47.08,10.7,9.5,0.0,33.5,4756.0,5972.0,4515.0,34.0,4854.0,6069.0,4600.0,0.5,8.0,2.0,6.0,4842.0,6057.0,4574.0,10.9,20.4,9.7,69.9,163.0,66.0,2.5,486.0,0.019,0.7,2.0,7.1,0.0,0.0,11.6,0.6,2.0,2.1
32,43.62,6.84,61.46,73.91,13.18,20.77,56.39,100.0,17.56,12.55,2.53,151.48,20.99,11.6,0.0,1.52,923.0,1041.2,207.3,177.0,177.0,48.77,10.1,10.5,0.0,33.4,4815.0,6033.0,4569.0,33.4,4773.0,5991.0,4521.0,0.0,9.0,3.0,7.0,4820.0,6042.0,4563.0,10.9,20.4,10.0,69.6,161.0,64.0,2.5,476.0,0.018,1.6,2.0,7.2,0.1,0.1,11.6,0.7,1.9,2.4
33,38.6,5.17,61.17,76.39,12.51,20.32,58.17,100.0,17.79,13.05,2.5,157.45,22.21,10.6,0.0,1.52,928.0,999.5,209.4,178.0,178.0,45.78,9.8,9.7,0.0,34.5,4811.0,5992.0,4578.0,34.5,4823.0,6010.0,4579.0,0.0,5.0,5.0,12.0,4829.0,6020.0,4590.0,10.6,20.1,9.7,70.3,156.0,61.0,2.5,496.0,0.02,1.1,2.0,7.5,0.1,0.1,11.6,0.5,1.8,2.3
34,39.65,7.01,61.3,72.71,13.23,24.85,54.89,100.0,17.38,12.47,2.76,149.46,20.42,11.6,0.0,1.53,925.0,1010.3,209.1,177.0,177.0,44.77,9.4,9.3,0.0,34.6,4852.0,6047.0,4852.0,34.4,4861.0,6073.0,4759.0,-0.2,3.0,3.0,16.0,4854.0,6061.0,4654.0,10.7,20.4,9.5,70.1,155.0,61.0,2.5,507.0,0.02,1.7,3.0,7.3,0.0,0.0,11.7,0.6,1.9,2.6
35,40.87,6.3,57.04,70.03,11.7,18.04,50.5,100.0,17.27,12.79,2.41,145.62,20.18,12.5,0.0,1.53,930.0,1002.4,207.5,177.0,177.0,46.65,9.7,10.0,4549.0,33.9,4844.0,6057.0,4562.0,33.1,4821.0,6033.0,4547.0,-0.8,1.0,1.0,13.0,4818.0,6041.0,4537.0,10.9,20.4,10.1,69.5,153.0,63.0,2.4,481.0,0.02,1.0,2.0,7.4,0.1,0.2,11.0,0.9,2.0,2.1
36,42.46,5.32,59.14,71.05,13.02,21.17,52.58,100.0,16.94,12.32,2.46,144.8,20.03,11.9,19.7,1.53,926.0,1019.6,206.4,178.0,178.0,46.17,9.4,10.2,4549.0,33.4,4854.0,6051.0,4595.0,32.2,4794.0,5992.0,4552.0,-1.2,3.0,2.0,2.0,4798.0,5982.0,4534.0,10.4,19.8,10.1,70.1,166.0,65.0,2.6,495.0,0.019,0.9,3.0,7.1,0.0,0.0,11.2,1.1,1.9,2.4
37,42.66,5.32,59.14,71.05,13.02,21.17,52.58,100.0,16.94,12.32,2.46,144.8,20.03,11.9,19.9,1.52,924.0,1008.6,208.7,177.0,177.0,46.38,9.7,10.0,4549.0,33.1,4825.0,6028.0,4571.0,32.6,4798.0,5986.0,4552.0,-0.5,4.0,3.0,3.0,4820.0,6006.0,4552.0,10.5,20.0,9.8,70.2,166.0,65.0,2.5,484.0,0.018,1.7,2.0,7.1,0.0,0.0,11.1,1.2,1.8,2.4
38,42.23,5.32,59.14,71.05,13.02,21.17,52.58,100.0,16.94,12.32,2.46,144.8,20.03,11.9,19.3,1.54,926.0,1014.3,208.7,178.0,178.0,45.92,9.5,10.0,4549.0,33.0,4838.0,6029.0,4593.0,32.6,4800.0,5991.0,4562.0,-0.4,5.0,4.0,4.0,4820.0,6013.0,4554.0,10.6,20.1,9.8,70.1,166.0,68.0,2.4,506.0,0.019,0.0,2.0,7.1,0.1,0.2,11.0,1.5,1.8,2.4
39,41.43,5.71,57.68,69.37,12.26,21.32,50.79,100.0,17.01,12.44,2.46,143.94,19.78,11.0,19.5,1.52,924.0,1027.0,206.6,177.0,177.0,46.77,10.2,9.8,4549.0,32.8,4806.0,6002.0,4591.0,32.8,4831.0,6027.0,4603.0,0.0,7.0,2.0,6.0,4847.0,6053.0,4607.0,10.9,20.5,9.7,69.9,160.0,65.0,2.5,488.0,0.019,0.0,2.0,7.2,0.0,0.0,11.4,1.0,1.9,2.3
40,41.47,6.6,58.8,71.17,12.4,22.14,52.24,100.0,17.21,12.77,2.58,148.28,20.33,11.3,19.3,1.52,925.0,1015.0,205.9,178.0,178.0,46.69,9.8,10.0,4549.0,33.0,4828.0,6020.0,4587.0,32.6,4815.0,6005.0,4582.0,-0.4,8.0,3.0,7.0,4837.0,6050.0,4598.0,10.9,20.4,9.8,59.8,159.0,64.0,2.5,493.0,0.019,0.0,2.0,7.2,0.0,0.0,10.9,1.0,1.9,2.2
41,42.07,6.76,55.42,69.8,11.25,18.15,49.89,100.0,17.61,13.4,2.57,151.5,20.88,10.8,22.5,1.48,936.0,954.7,211.2,177.0,177.0,45.95,11.1,10.5,4549.0,32.8,4713.0,5904.0,4467.0,32.8,4750.0,5927.0,4497.0,0.0,1.0,1.0,1.0,4784.0,5974.0,4543.0,10.3,19.6,10.1,70.3,157.0,61.0,2.6,509.0,0.02,1.1,3.0,7.4,0.0,0.0,11.4,0.7,1.8,2.4
42,44.35,6.76,55.42,69.8,11.25,18.15,49.89,100.0,17.61,13.4,2.57,151.5,20.88,10.8,20.5,1.53,923.0,954.0,210.0,178.0,177.0,46.66,8.1,8.9,4549.0,33.3,4934.0,6110.0,4635.0,32.5,4873.0,6058.0,4598.0,-0.8,2.0,2.0,2.0,4900.0,6089.0,4617.0,10.8,20.5,8.6,70.8,163.0,64.0,2.5,498.0,0.019,0.9,3.0,7.3,0.1,0.1,11.4,0.7,2.0,2.4
43,44.16,6.76,55.42,69.8,11.25,18.15,49.89,100.0,17.61,13.4,2.57,151.5,20.88,10.8,21.5,1.55,930.0,969.3,208.7,177.0,178.0,47.33,9.3,9.3,4549.0,32.5,4836.0,6014.0,4564.0,32.3,4844.0,6032.0,4577.0,-0.2,3.0,3.0,3.0,4869.0,6061.0,4603.0,10.7,20.3,9.0,70.7,160.0,63.0,2.5,501.0,0.02,1.0,3.0,7.1,0.0,0.0,11.0,0.7,1.8,2.4
44,43.33,6.77,58.76,72.74,12.12,20.65,53.17,100.0,17.59,13.31,2.61,154.06,21.31,11.4,20.5,1.56,928.0,980.3,208.2,178.0,178.0,46.78,9.0,8.8,4549.0,32.8,4869.0,6061.0,4583.0,32.3,4905.0,6117.0,4635.0,-0.5,4.0,4.0,4.0,4885.0,6098.0,4611.0,11.0,20.6,8.9,70.4,162.0,64.0,2.5,490.0,0.019,0.3,2.0,7.1,0.0,0.0,10.5,0.9,1.8,2.1
45,42.61,6.95,60.31,73.97,12.42,19.05,52.31,100.0,17.64,13.28,2.75,151.21,20.75,12.2,20.5,1.5,926.0,986.4,208.7,177.0,177.0,46.48,8.5,9.2,4549.0,33.2,4914.0,6108.0,4594.0,32.4,4850.0,6025.0,4535.0,-0.8,5.0,5.0,5.0,4854.0,6034.0,4547.0,10.6,20.0,9.1,70.9,165.0,65.0,2.5,490.0,0.019,1.2,3.0,7.0,0.0,0.0,10.7,0.7,1.8,2.3
46,42.96,6.95,60.31,73.97,12.42,19.05,52.31,100.0,17.64,13.28,2.75,151.21,20.75,12.2,20.5,1.5,925.0,977.8,227.4,178.0,178.0,46.03,9.4,9.1,4549.0,32.6,4833.0,6009.0,4521.0,32.6,4853.0,6027.0,4538.0,0.0,6.0,6.0,6.0,4864.0,6056.0,4556.0,10.7,20.2,9.0,70.7,168.0,65.0,2.6,492.0,0.018,0.7,3.0,7.4,0.0,0.0,11.1,1.1,1.8,2.1
47,43.84,6.95,60.31,73.97,12.42,19.05,52.31,100.0,17.64,13.28,2.75,151.21,20.75,12.2,20.0,1.56,927.0,1006.4,210.7,177.0,177.0,48.11,8.9,9.9,4549.0,32.6,4883.0,6146.0,4533.0,31.3,4812.0,6082.0,4484.0,-1.3,7.0,1.0,7.0,4816.0,6086.0,4481.0,11.0,20.2,9.9,69.9,164.0,69.0,2.4,493.0,0.019,1.8,3.0,6.7,0.1,0.1,11.6,1.4,1.8,2.4
48,46.34,7.97,64.75,74.1,15.11,22.66,56.22,100.0,18.82,12.76,3.18,157.34,21.33,11.7,18.0,1.52,921.0,1002.4,209.8,177.0,178.0,47.45,9.5,9.6,4549.0,32.1,4855.0,6077.0,4563.0,31.5,4836.0,6055.0,4551.0,-0.6,9.0,3.0,9.0,4850.0,6099.0,4548.0,11.2,20.7,9.6,69.7,167.0,68.0,2.4,490.0,0.018,0.6,3.0,7.3,0.0,0.0,11.6,1.3,1.8,2.1
49,39.74,6.94,57.02,69.51,13.45,18.44,50.16,100.0,17.55,12.83,3.09,149.6,20.25,10.4,19.0,1.52,923.0,971.2,207.8,178.0,178.0,44.65,8.9,9.1,4549.0,33.9,4852.0,6013.0,4518.0,33.6,4849.0,6015.0,4525.0,-0.3,10.0,4.0,10.0,4866.0,6045.0,4531.0,10.6,20.0,8.8,71.2,170.0,68.0,2.5,490.0,0.018,0.8,3.0,7.3,0.0,0.0,11.6,0.9,1.8,2.0
50,41.12,6.94,57.02,69.51,13.45,18.44,50.16,100.0,17.55,12.83,3.09,149.6,20.25,10.4,18.0,1.53,918.0,977.6,204.8,177.0,177.0,46.47,8.9,9.4,4549.0,33.4,4869.0,6043.0,4547.0,32.8,4827.0,6014.0,4526.0,-0.6,11.0,5.0,11.0,4846.0,6032.0,4521.0,10.6,20.0,9.2,70.8,169.0,67.0,2.5,504.0,0.019,1.3,3.0,7.1,0.0,0.0,11.4,2.5,1.8,2.1
51,40.14,6.94,57.02,69.51,13.45,18.44,50.16,100.0,17.55,12.83,3.09,149.6,20.25,10.4,19.5,1.54,926.0,989.2,206.4,178.0,178.0,47.33,8.7,11.0,4549.0,33.8,4874.0,6049.0,4551.0,33.1,4701.0,5890.0,4392.0,-0.7,12.0,6.0,12.0,4721.0,5901.0,4416.0,10.0,18.9,10.8,70.2,162.0,65.0,2.5,496.0,0.019,0.4,3.0,7.1,0.1,0.2,11.4,1.0,1.8,2.2
52,42.69,7.56,61.62,72.17,14.46,21.02,53.78,100.0,18.33,12.82,3.18,154.71,20.95,11.1,19.5,1.54,929.0,989.6,205.5,177.0,177.0,46.34,9.0,9.5,4549.0,33.1,4867.0,6061.0,4567.0,32.5,4836.0,6033.0,4541.0,-0.6,1.0,1.0,13.0,4861.0,6071.0,4550.0,10.9,20.5,9.3,70.3,165.0,66.0,2.5,495.0,0.019,1.9,3.0,7.4,0.0,0.0,11.4,1.1,2.0,2.3
53,40.15,6.87,57.33,71.52,13.22,15.62,50.85,100.0,17.74,13.16,2.91,148.45,20.44,9.7,19.5,1.54,923.0,1003.8,206.8,178.0,177.0,48.84,8.7,10.8,4549.0,33.6,4867.0,6039.0,4539.0,33.1,4718.0,5898.0,4404.0,-0.5,2.0,2.0,14.0,4747.0,5929.0,4423.0,10.1,19.2,10.5,70.3,157.0,63.0,2.5,501.0,0.02,1.4,3.0,7.3,0.0,0.0,11.6,1.2,1.9,2.2
54,39.77,6.87,57.33,71.52,13.22,15.62,50.85,100.0,17.74,13.16,2.91,148.45,20.44,9.7,19.5,1.54,925.0,984.2,205.2,177.0,178.0,46.32,8.4,8.6,4549.0,33.7,4891.0,6059.0,4563.0,33.1,4880.0,6048.0,4555.0,-0.6,3.0,3.0,15.0,4890.0,6069.0,4552.0,10.7,20.3,8.6,71.2,164.0,67.0,2.5,483.0,0.018,0.9,3.0,7.2,0.0,0.0,11.2,0.9,1.9,2.1
55,39.4,6.87,57.33,71.52,13.22,15.62,50.85,100.0,17.74,13.16,2.91,148.45,20.44,9.7,19.5,1.52,924.0,992.5,207.3,178.0,178.0,47.03,8.2,9.4,4549.0,33.9,4901.0,6055.0,4571.0,34.8,4816.0,5992.0,4493.0,0.9,4.0,4.0,16.0,4847.0,6021.0,4518.0,10.5,19.9,9.1,71.0,160.0,66.0,2.4,509.0,0.02,0.6,3.0,7.3,0.0,0.0,11.0,0.9,2.1,2.2
56,39.14,6.65,55.61,68.93,12.72,15.91,48.64,100.0,17.87,13.31,2.98,146.08,20.33,10.7,19.5,1.5,924.0,987.0,206.2,177.0,177.0,45.66,10.3,9.4,4549.0,33.8,4747.0,5918.0,4447.0,34.5,4829.0,6006.0,4531.0,0.7,5.0,5.0,17.0,4853.0,6033.0,4545.0,10.6,20.1,9.2,70.7,156.0,63.0,2.5,463.0,0.019,1.1,2.0,7.3,0.1,0.2,11.0,1.0,1.9,2.2
57,40.36,6.65,55.61,68.93,12.72,15.91,48.64,100.0,17.87,13.31,2.98,146.08,20.33,10.7,19.5,1.52,926.0,991.5,211.4,178.0,178.0,47.09,10.3,9.8,4549.0,33.5,4765.0,5946.0,4471.0,33.9,4808.0,5991.0,4509.0,0.4,6.0,6.0,18.0,4820.0,6016.0,4524.0,10.6,20.0,9.7,70.3,156.0,64.0,2.4,488.0,0.02,0.5,3.0,7.3,0.0,0.0,11.3,0.0,2.0,2.2
58,42.31,6.65,55.61,68.93,12.72,15.91,48.64,100.0,17.87,13.31,2.98,146.08,20.33,10.7,18.0,1.58,920.0,1003.2,207.8,177.0,177.0,49.04,11.1,10.2,4549.0,32.5,4724.0,5926.0,4441.0,33.5,4792.0,6002.0,4506.0,1.0,7.0,1.0,1.0,4811.0,6016.0,4519.0,10.7,20.1,10.0,69.9,157.0,63.0,2.5,512.0,0.02,1.4,3.0,7.1,0.0,0.0,11.8,11.0,1.9,2.3
59,40.49,6.72,57.24,71.27,12.25,16.58,50.88,100.0,18.18,13.6,2.75,151.23,21.3,9.3,20.0,1.57,928.0,983.2,208.0,177.0,178.0,46.3,9.4,9.1,4549.0,34.6,4813.0,5957.0,4491.0,35.2,4834.0,5983.0,4514.0,0.6,9.0,3.0,3.0,4863.0,6019.0,4541.0,10.4,19.9,8.8,71.3,160.0,63.0,2.5,499.0,0.019,0.8,3.0,7.0,0.0,0.0,11.5,0.7,1.8,2.3
60,40.57,6.57,55.93,69.48,11.95,18.0,50.5,100.0,17.92,13.23,2.63,151.67,21.29,8.7,19.0,1.6,921.0,980.8,206.2,178.0,178.0,46.37,9.6,9.1,4549.0,34.6,4803.0,5958.0,4506.0,35.0,4846.0,6009.0,4535.0,0.4,10.0,4.0,4.0,4867.0,6041.0,4554.0,10.6,20.1,8.9,71.0,161.0,64.0,2.5,513.0,0.02,0.7,3.0,7.1,0.1,0.1,11.6,0.9,1.8,2.2
61,38.2,6.16,54.67,66.95,11.15,17.25,48.12,100.83,17.97,13.12,2.48,149.03,20.88,9.1,20.0,1.51,925.0,982.3,205.9,177.0,177.0,46.32,10.4,9.0,4549.0,34.0,4756.0,5917.0,4484.0,35.3,4858.0,6039.0,4557.0,1.3,11.0,5.0,5.0,4877.0,6051.0,4587.0,10.7,20.3,8.9,70.8,153.0,61.0,2.5,484.0,0.02,1.3,2.0,7.1,0.0,0.0,11.7,0.8,1.8,2.1
62,38.7,6.16,54.67,66.95,11.15,17.25,48.12,100.83,17.97,13.12,2.48,149.03,20.88,9.1,19.5,1.51,923.0,983.4,206.2,178.0,178.0,46.02,10.2,8.7,4549.0,34.1,4772.0,5957.0,4494.0,35.4,4885.0,6065.0,4571.0,1.3,12.0,6.0,6.0,4889.0,6069.0,4590.0,10.8,20.4,8.8,70.8,156.0,62.0,2.5,502.0,0.02,0.5,3.0,7.1,0.0,0.0,11.6,0.8,1.8,2.0
63,38.94,6.16,54.67,66.95,11.15,17.25,48.12,100.83,17.97,13.12,2.48,149.03,20.88,9.1,19.5,1.49,928.0,1004.5,206.8,177.0,177.0,48.17,9.6,10.2,4549.0,33.9,4828.0,6010.0,4550.0,33.9,4763.0,5949.0,4510.0,0.0,1.0,1.0,7.0,4814.0,6010.0,4545.0,10.4,19.8,9.7,70.5,150.0,60.0,2.5,492.0,0.021,1.1,2.0,7.1,0.0,0.0,11.5,0.7,1.9,2.3
64,41.9,6.37,52.67,64.34,12.02,17.4,46.52,100.0,17.38,12.48,2.75,144.5,19.82,11.0,20.0,1.5,927.0,1016.1,210.3,178.0,177.0,47.44,11.2,9.9,4549.0,32.7,4716.0,5937.0,4476.0,34.1,4818.0,6043.0,4586.0,1.4,2.0,2.0,8.0,4835.0,6074.0,4592.0,10.9,20.4,9.7,69.8,162.0,63.0,2.6,492.0,0.019,1.0,2.0,7.0,0.0,0.0,11.6,0.9,2.0,2.3
65,42.03,6.37,52.67,64.34,12.02,17.4,46.52,100.0,17.38,12.48,2.75,144.5,19.82,11.0,19.5,1.51,922.0,999.7,213.3,177.0,178.0,47.3,10.9,10.1,4549.0,33.3,4742.0,5963.0,4505.0,33.9,4800.0,6038.0,4578.0,0.6,3.0,3.0,9.0,4841.0,6084.0,4593.0,11.0,20.5,9.7,69.8,163.0,63.0,2.6,498.0,0.019,1.0,3.0,6.9,0.0,0.0,11.7,1.4,1.9,1.8
66,41.96,6.37,52.67,64.34,12.02,17.4,46.52,100.0,17.38,12.48,2.75,144.5,19.82,11.0,19.5,1.5,923.0,1013.9,209.6,178.0,178.0,48.11,11.0,10.4,4549.0,32.9,4737.0,5967.0,4499.0,33.5,4785.0,6025.0,4558.0,0.6,4.0,4.0,10.0,4819.0,6065.0,4575.0,10.9,20.4,10.0,69.6,160.0,62.0,2.6,504.0,0.02,0.5,3.0,6.8,0.0,0.0,11.7,1.4,1.9,1.8
67,41.85,6.31,54.42,66.13,11.97,18.4,48.01,100.0,17.81,12.75,2.76,147.17,20.41,12.0,19.5,1.48,923.0,994.0,206.8,178.0,178.0,46.0,9.7,9.6,4549.0,34.2,4818.0,6019.0,4583.0,34.2,4830.0,6031.0,4603.0,0.0,6.0,6.0,12.0,4857.0,6065.0,4613.0,10.7,20.3,9.3,70.4,162.0,64.0,2.5,494.0,0.019,0.4,3.0,7.0,0.0,0.0,11.2,1.2,1.9,1.8
68,39.71,6.27,53.51,66.52,11.83,16.95,46.62,100.0,17.76,13.31,2.87,143.65,20.35,10.0,20.0,1.49,929.0,960.0,210.7,177.0,177.0,45.05,9.4,9.0,0.0,34.8,4824.0,5974.0,4534.0,35.4,4862.0,6021.0,4567.0,0.6,1.0,1.0,13.0,4877.0,6036.0,4569.0,10.4,20.0,8.7,71.3,156.0,62.0,2.5,500.0,0.02,1.1,3.0,7.3,0.0,0.0,11.9,1.2,1.8,2.5
69,39.38,6.27,53.51,66.52,11.83,16.95,46.62,100.0,17.76,13.31,2.87,143.65,20.35,10.2,19.0,1.48,921.0,961.3,205.0,178.0,177.0,43.83,8.9,8.4,0.0,35.5,4862.0,6023.0,4568.0,35.5,4905.0,6066.0,4597.0,0.0,2.0,2.0,14.0,4901.0,6063.0,4588.0,10.6,20.2,8.4,71.4,159.0,63.0,2.5,487.0,0.019,0.9,3.0,7.1,0.1,0.1,11.9,1.7,1.8,2.3
70,39.16,6.27,53.51,66.52,11.83,16.95,46.62,100.0,17.76,13.31,2.87,143.65,20.35,10.2,19.0,1.48,921.0,969.7,207.8,177.0,178.0,43.86,8.4,8.3,0.0,35.5,4897.0,6043.0,4584.0,35.5,4907.0,6064.0,4596.0,0.0,3.0,3.0,15.0,4916.0,6075.0,4595.0,10.6,20.3,8.2,70.5,158.0,62.0,2.6,484.0,0.019,0.7,3.0,7.0,0.0,0.0,11.5,1.7,1.9,2.2
71,39.38,6.58,52.5,63.29,12.24,18.28,46.04,100.0,17.67,12.47,2.85,144.4,19.85,9.5,19.0,1.47,923.0,989.7,205.7,177.0,177.0,47.4,9.7,9.5,0.0,34.2,4836.0,6047.0,4588.0,33.9,4854.0,6072.0,4603.0,-0.3,5.0,5.0,17.0,4876.0,6106.0,4609.0,11.1,20.8,9.3,69.9,162.0,65.0,2.5,494.0,0.019,1.3,3.0,7.1,0.0,0.0,11.7,1.2,1.8,1.9
72,40.08,6.45,53.18,64.98,12.11,18.77,46.8,100.0,17.58,12.69,2.79,145.9,19.96,10.9,19.5,1.51,923.0,996.4,206.2,178.0,178.0,47.52,10.2,9.9,0.0,33.5,4810.0,6039.0,4568.0,33.5,4827.0,6057.0,4580.0,0.0,6.0,6.0,18.0,4825.0,6063.0,4582.0,11.0,20.5,9.9,69.6,160.0,63.0,2.6,500.0,0.02,0.6,2.0,7.0,0.0,0.0,11.5,1.2,1.8,1.8
73,39.17,6.39,58.85,73.45,12.69,16.92,51.25,100.0,17.92,13.5,2.62,151.25,20.89,11.3,21.5,1.55,935.0,976.4,204.8,177.0,177.0,45.88,8.5,9.1,0.0,34.8,4879.0,6044.0,4574.0,34.4,4841.0,6018.0,4565.0,-0.4,7.0,1.0,1.0,4849.0,6041.0,4557.0,10.3,19.6,8.9,71.6,158.0,64.0,2.5,495.0,0.02,1.1,3.0,7.4,0.1,0.1,11.7,0.8,2.0,2.3
74,38.37,6.39,58.85,73.45,12.69,16.92,51.25,100.0,17.92,13.5,2.62,151.25,20.89,11.3,22.2,1.54,933.0,971.6,208.0,178.0,177.0,45.52,8.2,8.7,0.0,35.2,4899.0,6059.0,4609.0,34.5,4867.0,6037.0,4583.0,-0.7,8.0,2.0,2.0,4883.0,6045.0,4583.0,10.2,19.6,8.3,72.1,156.0,62.0,2.5,497.0,0.02,1.9,2.0,7.1,0.0,0.0,11.8,0.8,2.0,2.1
75,38.76,6.39,58.85,73.45,12.69,16.92,51.25,100.0,17.92,13.5,2.62,151.25,20.89,11.3,22.0,1.54,933.0,974.0,205.9,177.0,178.0,45.11,8.7,8.6,0.0,35.0,4857.0,6028.0,4569.0,34.6,4870.0,6051.0,4582.0,-0.4,9.0,3.0,3.0,4890.0,6058.0,4587.0,10.3,19.7,8.3,72.0,159.0,64.0,2.5,497.0,0.02,0.7,2.0,7.0,0.0,0.0,11.6,1.3,1.9,2.4
76,38.73,6.35,56.93,70.87,12.27,18.06,49.92,100.0,17.76,13.29,2.61,150.06,20.65,11.5,22.5,1.55,932.0,978.0,209.4,178.0,178.0,45.57,9.8,9.3,0.0,34.2,4795.0,5991.0,4520.0,34.2,4844.0,6031.0,4579.0,0.0,10.0,4.0,4.0,4859.0,6058.0,4581.0,10.5,19.8,8.9,71.2,157.0,61.0,2.6,507.0,0.02,0.8,3.0,7.1,0.0,0.0,11.6,0.6,2.0,2.3
77,38.95,6.17,53.8,65.53,12.7,18.65,47.67,100.0,16.82,12.11,2.58,142.66,19.64,11.4,21.5,1.55,932.0,980.2,205.7,177.0,177.0,44.92,8.7,9.1,0.0,35.1,4889.0,6089.0,4619.0,34.5,4857.0,6063.0,4594.0,-0.6,11.0,5.0,5.0,4876.0,6087.0,4601.0,10.6,20.0,8.8,71.2,163.0,65.0,2.5,498.0,0.019,1.7,3.0,7.0,0.0,0.0,11.4,1.3,1.9,2.2
78,40.41,6.97,58.18,71.85,14.25,17.08,50.06,100.0,18.02,13.51,3.37,148.92,20.33,11.0,21.5,1.55,937.0,993.4,205.5,177.0,177.0,46.11,9.3,9.4,0.0,34.5,4835.0,6014.0,4527.0,34.5,4827.0,5994.0,4525.0,0.0,1.0,1.0,7.0,4835.0,6015.0,4537.0,10.3,19.5,9.1,71.3,156.0,63.0,2.5,494.0,0.02,1.0,3.0,7.1,0.0,0.0,11.4,0.8,2.0,2.5
79,39.9,6.97,58.18,71.85,14.25,17.08,50.06,100.0,18.02,13.51,3.37,148.92,20.33,11.0,22.0,1.52,931.0,990.5,207.1,178.0,177.0,46.12,8.4,9.3,0.0,35.2,4899.0,6061.0,4572.0,33.8,4813.0,5977.0,4515.0,-1.4,2.0,2.0,8.0,4834.0,6015.0,4526.0,10.3,19.5,9.1,71.4,154.0,61.0,2.5,517.0,0.021,1.2,3.0,7.1,0.0,0.0,11.3,0.9,2.1,2.2
80,39.79,6.97,58.18,71.85,14.25,17.08,50.06,100.0,18.02,13.51,3.37,148.92,20.33,11.0,22.0,1.53,935.0,982.9,206.6,177.0,178.0,44.55,8.2,8.4,0.0,35.2,4897.0,6048.0,4572.0,34.8,4881.0,6059.0,4584.0,-0.4,3.0,3.0,9.0,4898.0,6073.0,4573.0,10.5,19.9,8.3,71.8,159.0,65.0,2.4,495.0,0.019,0.3,2.0,7.1,0.0,0.0,11.3,1.0,1.9,2.1
81,41.25,8.81,63.99,78.25,23.09,19.96,53.87,100.0,18.84,14.08,6.87,158.73,20.57,12.7,22.0,1.55,934.0,1000.7,205.5,178.0,178.0,45.1,8.6,8.8,0.0,34.9,4844.0,5990.0,4524.0,34.9,4825.0,5981.0,4517.0,0.0,4.0,4.0,10.0,4878.0,6049.0,4546.0,10.3,19.6,8.4,72.1,167.0,65.0,2.6,507.0,0.019,0.2,3.0,7.1,0.0,0.0,11.6,1.2,1.9,2.2
82,41.0,6.8,57.21,70.34,13.98,16.81,48.46,100.0,17.91,13.34,3.37,146.67,19.95,11.2,20.5,1.55,934.0,1000.8,205.2,178.0,178.0,44.99,9.1,8.5,0.0,34.7,4829.0,5998.0,4550.0,34.7,4879.0,6040.0,4573.0,0.0,6.0,6.0,12.0,4881.0,6060.0,4576.0,10.5,19.9,8.6,71.5,164.0,65.0,2.5,492.0,0.019,0.3,3.0,7.1,0.0,0.0,11.5,1.6,1.9,2.4
83,41.59,6.8,57.21,70.34,13.98,16.81,48.46,100.0,17.91,13.34,3.37,146.67,19.95,11.2,21.0,1.55,939.0,1171.2,206.4,177.0,178.0,45.64,8.9,9.1,0.0,35.1,4853.0,6022.0,4582.0,34.8,4826.0,5996.0,4564.0,-0.3,1.0,1.0,13.0,4866.0,6051.0,4567.0,10.4,19.7,8.7,71.6,164.0,66.0,2.5,506.0,0.019,0.9,2.0,7.2,0.0,0.0,11.5,1.5,1.9,2.4
84,40.91,6.8,57.21,70.34,13.98,16.81,48.46,100.0,17.91,13.34,3.37,146.67,19.95,11.2,22.0,1.54,936.0,979.2,208.7,178.0,178.0,44.62,8.6,8.4,0.0,35.0,4864.0,6030.0,4577.0,34.8,4887.0,6068.0,4599.0,-0.2,2.0,2.0,14.0,4907.0,6087.0,4602.0,10.5,20.0,8.2,71.8,165.0,68.0,2.4,493.0,0.019,0.9,2.0,7.1,0.0,0.0,11.6,1.6,2.0,2.4
85,38.99,6.3,51.96,64.07,12.65,19.23,44.66,100.0,17.16,12.71,3.15,142.11,19.13,11.6,21.0,1.55,932.0,994.5,207.8,177.0,177.0,45.45,9.4,9.4,0.0,34.8,4841.0,6048.0,4631.0,34.1,4839.0,6062.0,4631.0,-0.7,3.0,3.0,15.0,4867.0,6082.0,4642.0,10.7,20.2,9.1,70.7,160.0,64.0,2.5,499.0,0.019,1.4,3.0,7.2,0.0,0.0,11.5,1.0,1.9,2.4
86,38.81,6.3,51.96,64.07,12.65,19.23,44.66,100.0,17.16,12.71,3.15,142.11,19.13,11.6,21.5,1.55,937.0,989.2,205.2,178.0,178.0,45.52,9.3,9.5,0.0,34.5,4841.0,6052.0,4635.0,33.9,4830.0,6038.0,4618.0,-0.6,4.0,4.0,16.0,4844.0,6067.0,4632.0,10.7,20.1,9.4,70.5,159.0,64.0,2.5,513.0,0.02,0.9,2.0,7.1,0.1,0.1,11.7,1.1,1.8,2.1
87,39.3,6.3,51.96,64.07,12.65,19.23,44.66,100.0,17.16,12.71,3.15,142.11,19.13,11.6,21.5,1.55,939.0,983.7,206.4,177.0,177.0,46.1,9.4,9.6,0.0,34.6,4832.0,6035.0,4624.0,34.3,4822.0,6039.0,4617.0,-0.3,5.0,5.0,17.0,4838.0,6053.0,4622.0,10.6,20.0,9.4,70.6,159.0,62.0,2.5,498.0,0.02,1.2,2.0,7.2,0.0,0.0,11.7,1.1,1.9,2.3
88,40.77,6.45,55.09,69.18,11.98,17.22,47.12,100.0,17.74,13.47,2.86,148.0,20.04,10.8,21.5,1.54,937.0,960.4,204.8,177.0,178.0,43.52,8.1,8.3,0.0,35.8,4893.0,6028.0,4564.0,35.5,4879.0,6026.0,4556.0,-0.3,7.0,2.0,2.0,4873.0,6023.0,4546.0,10.2,19.5,8.4,72.1,163.0,65.0,2.5,486.0,0.019,0.8,2.0,7.2,0.0,0.0,11.5,1.1,1.9,2.3
89,39.27,6.45,55.09,69.18,11.98,17.22,47.12,100.0,17.74,13.47,2.86,148.0,20.04,10.8,21.5,1.55,935.0,954.8,,178.0,178.0,43.52,8.4,8.3,0.0,35.6,4866.0,6005.0,4550.0,35.6,4893.0,6046.0,4569.0,0.0,8.0,3.0,3.0,4897.0,6047.0,4572.0,10.3,19.7,8.1,72.2,157.0,64.0,2.5,493.0,0.02,1.2,2.0,7.2,0.0,0.0,11.3,0.8,1.9,2.1
90,40.06,6.45,55.09,69.18,11.98,17.22,47.12,100.0,17.74,13.47,2.86,148.0,20.04,10.8,21.7,1.55,938.0,975.8,205.2,177.0,177.0,44.11,8.4,8.3,0.0,35.4,4874.0,6012.0,4561.0,35.3,4885.0,6046.0,4571.0,-0.1,9.0,4.0,4.0,4885.0,6042.0,4546.0,10.3,19.7,8.3,72.0,158.0,63.0,2.5,478.0,0.019,1.0,2.0,7.2,0.1,0.1,11.6,0.9,1.9,2.5
91,39.17,6.28,54.33,68.3,12.37,15.46,46.72,100.0,17.41,13.28,2.96,143.47,19.85,12.4,22.0,1.54,941.0,1009.1,206.4,178.0,178.0,46.33,8.7,9.2,0.0,34.2,4867.0,6034.0,4588.0,33.8,4835.0,6015.0,4569.0,-0.4,10.0,5.0,5.0,4846.0,6019.0,4572.0,10.3,19.6,9.1,71.3,156.0,62.0,2.5,522.0,0.021,0.8,3.0,7.2,0.0,0.0,11.6,1.1,1.8,2.2
92,39.98,7.33,56.87,70.17,14.2,20.16,49.06,100.0,18.01,13.34,3.62,147.63,19.77,9.9,21.5,1.54,933.0,992.6,205.9,177.0,177.0,45.69,8.4,9.1,0.0,35.3,4896.0,6062.0,4614.0,34.5,4844.0,6021.0,4583.0,-0.8,11.0,6.0,6.0,4870.0,6054.0,4595.0,10.5,19.9,8.8,71.3,154.0,60.0,2.5,492.0,0.02,1.1,2.0,7.2,0.0,0.0,11.5,0.9,1.8,2.0
93,39.91,7.22,57.32,71.02,14.05,19.16,49.21,100.0,18.02,13.43,3.52,148.07,19.87,10.0,21.5,1.55,937.0,1003.7,205.0,178.0,178.0,44.22,8.6,8.9,0.0,35.6,4848.0,6005.0,4559.0,35.6,4866.0,6028.0,4579.0,0.0,1.0,1.0,7.0,4887.0,6056.0,4575.0,10.4,19.8,8.4,71.8,158.0,63.0,2.5,491.0,0.019,0.9,2.0,7.2,0.0,0.0,11.9,0.9,1.9,2.5
94,40.77,6.19,53.59,66.4,11.99,18.73,47.41,100.0,17.04,12.58,2.45,146.2,19.83,9.1,21.5,1.53,931.0,1006.1,206.8,178.0,177.0,45.49,9.1,8.9,0.0,35.2,4839.0,6020.0,4559.0,35.2,4849.0,6024.0,4576.0,0.0,3.0,3.0,9.0,4872.0,6054.0,4566.0,10.5,19.9,8.8,71.4,164.0,66.0,2.5,490.0,0.019,1.0,2.0,7.2,0.1,0.1,11.8,0.8,1.9,2.3
95,39.86,5.98,54.1,66.5,11.73,18.8,47.98,100.0,17.35,12.75,2.51,147.95,20.25,10.6,22.0,1.53,934.0,1001.0,204.8,177.0,177.0,44.09,8.8,8.7,0.0,35.3,4853.0,6021.0,4566.0,35.3,4864.0,6043.0,4582.0,0.0,4.0,4.0,10.0,4889.0,6070.0,4590.0,10.5,20.0,8.5,71.6,160.0,64.0,2.5,482.0,0.019,1.0,2.0,7.2,0.0,0.0,11.6,0.8,1.9,2.2
96,40.03,5.98,54.1,66.5,11.73,18.8,47.98,100.0,17.35,12.75,2.51,147.95,20.25,10.6,22.0,1.54,937.0,994.9,205.0,178.0,178.0,44.56,9.3,9.0,0.0,35.2,4815.0,5991.0,4541.0,35.2,4834.0,6008.0,4555.0,0.0,5.0,5.0,11.0,4862.0,6040.0,4562.0,10.4,19.7,8.8,71.5,159.0,64.0,2.5,499.0,0.02,0.7,2.0,7.2,0.0,0.0,11.6,0.9,2.0,2.1
97,40.81,5.98,54.1,66.5,11.73,18.8,47.98,100.0,17.35,12.75,2.51,147.95,20.25,10.6,20.9,1.55,933.0,1001.3,205.2,177.0,177.0,45.14,9.1,,0.0,35.1,4834.0,6022.0,4560.0,34.8,4859.0,6030.0,4568.0,-0.3,6.0,6.0,12.0,4869.0,6050.0,4574.0,10.5,19.9,8.8,71.3,160.0,64.0,2.5,493.0,0.019,0.9,2.0,7.3,0.0,0.0,11.5,0.9,1.9,2.1
98,37.94,5.85,51.75,64.02,10.41,20.4,44.3,100.0,16.96,12.68,2.34,143.33,19.63,11.5,22.0,1.54,934.0,1004.3,205.0,177.0,178.0,43.73,11.4,8.7,0.0,34.3,4701.0,5914.0,4579.0,35.7,4911.0,6124.0,4705.0,1.4,2.0,2.0,14.0,4923.0,6137.0,4710.0,11.0,20.7,8.6,70.7,154.0,63.0,2.4,490.0,0.02,0.8,3.0,7.2,0.1,0.1,11.7,1.1,1.9,2.2
99,37.73,5.85,51.75,64.02,10.41,20.4,44.3,100.0,16.96,12.68,2.34,143.33,19.63,11.5,21.0,1.55,934.0,1008.1,204.6,178.0,177.0,44.35,8.7,9.2,0.0,35.3,4895.0,6079.0,4670.0,34.3,4850.0,6022.0,4634.0,-1.0,3.0,3.0,15.0,4855.0,6046.0,4644.0,10.5,19.9,9.2,70.9,151.0,60.0,2.5,491.0,0.02,1.3,2.0,7.2,0.0,0.0,11.5,0.9,1.9,2.3
100,37.3,5.85,51.75,64.02,10.41,20.4,44.3,100.0,16.96,12.68,2.34,143.33,19.63,11.5,21.5,1.53,937.0,1004.8,206.6,177.0,177.0,44.13,8.9,9.3,0.0,35.3,4865.0,6037.0,4651.0,34.8,4839.0,6003.0,4619.0,-0.5,4.0,4.0,16.0,4856.0,6041.0,4634.0,10.4,19.9,9.1,71.1,150.0,60.0,2.5,486.0,0.02,1.6,2.0,7.2,0.0,0.0,11.5,0.8,1.9,2.3
101,37.86,6.01,51.83,63.8,11.22,19.69,44.57,100.0,17.09,12.57,2.55,143.07,19.47,11.8,21.9,1.54,937.0,992.8,204.6,178.0,178.0,43.49,8.8,9.0,0.0,35.4,4864.0,6025.0,4607.0,35.0,4847.0,6024.0,4614.0,-0.4,5.0,5.0,17.0,4865.0,6041.0,4606.0,10.4,19.7,8.8,71.4,154.0,62.0,2.5,507.0,0.021,0.8,3.0,7.2,0.0,0.0,11.6,1.1,1.8,2.3
102,38.05,5.89,51.28,64.04,9.99,16.9,44.74,100.0,16.79,13.04,2.33,142.66,19.67,12.3,21.7,1.55,936.0,974.0,206.4,177.0,177.0,42.66,8.9,8.7,0.0,35.5,4838.0,5997.0,4571.0,35.5,4855.0,6021.0,4584.0,0.0,6.0,6.0,18.0,4886.0,6051.0,4594.0,10.3,19.7,8.3,72.0,157.0,63.0,2.5,498.0,0.02,1.3,3.0,7.2,0.0,0.0,11.4,1.0,1.8,2.4
103,37.87,5.9,51.44,63.61,10.49,18.04,44.73,100.0,17.18,12.95,2.46,143.84,19.85,11.8,21.6,1.55,937.0,987.7,206.6,178.0,178.0,43.58,8.7,9.1,0.0,35.3,4861.0,6020.0,4611.0,34.9,4837.0,6007.0,4593.0,-0.4,7.0,1.0,1.0,4845.0,6019.0,4590.0,10.2,19.6,9.0,71.4,156.0,62.0,2.5,496.0,0.02,0.7,3.0,7.3,0.1,0.1,11.8,0.6,1.9,2.1
104,38.6,5.9,51.44,63.61,10.49,18.04,44.73,100.0,17.18,12.95,2.46,143.84,19.85,11.8,21.8,1.55,936.0,987.9,205.5,177.0,177.0,44.7,9.3,9.1,0.0,35.2,4816.0,5983.0,4579.0,35.2,4834.0,5997.0,4583.0,0.0,8.0,2.0,2.0,4841.0,6010.0,4583.0,10.2,19.5,9.1,71.4,155.0,62.0,2.5,481.0,0.019,1.0,2.0,6.9,0.0,0.0,11.7,0.8,1.9,2.0
105,38.44,5.9,51.44,63.61,10.49,18.04,44.73,100.0,17.18,12.95,2.46,143.84,19.85,11.8,20.8,1.55,933.0,986.6,205.5,178.0,178.0,44.23,8.7,9.0,0.0,35.2,4873.0,6031.0,4606.0,34.8,4846.0,6014.0,4595.0,-0.4,9.0,3.0,3.0,4853.0,6027.0,4605.0,0.0,19.7,9.0,71.4,156.0,62.0,2.5,493.0,0.02,0.5,3.0,7.1,0.0,0.0,11.9,0.8,1.9,2.3
106,39.42,5.79,53.96,66.53,10.4,18.26,47.57,100.0,17.24,12.99,2.16,146.64,20.57,9.8,22.0,1.54,932.0,992.3,208.4,177.0,177.0,45.61,9.0,8.9,0.0,35.1,4843.0,6016.0,4564.0,35.1,4850.0,6016.0,4569.0,0.0,10.0,4.0,4.0,4857.0,6036.0,4577.0,0.0,19.7,8.9,71.5,156.0,63.0,2.5,495.0,0.02,1.4,3.0,7.0,0.0,0.0,11.7,0.8,1.9,1.9
107,39.75,5.79,53.96,66.53,10.4,18.26,47.57,100.0,17.24,12.99,2.16,146.64,20.57,9.8,21.9,1.5,934.0,987.9,208.9,178.0,178.0,45.99,9.4,9.3,0.0,34.7,4807.0,5967.0,4536.0,34.7,4819.0,5997.0,4544.0,0.0,11.0,5.0,5.0,0.0,0.0,0.0,0.0,0.0,0.0,0.0,156.0,62.0,2.5,485.0,0.019,0.7,3.0,7.0,0.0,0.0,11.6,0.8,1.9,2.4
108,39.51,5.79,53.96,66.53,10.4,18.26,47.57,100.0,17.24,12.99,2.16,146.64,20.57,9.8,22.4,1.48,937.0,994.3,211.4,177.0,177.0,46.01,9.0,8.9,0.0,35.0,4839.0,6013.0,4561.0,35.0,4856.0,6032.0,4571.0,0.0,12.0,6.0,6.0,4859.0,6037.0,4590.0,0.0,19.7,8.8,71.5,155.0,62.0,2.5,491.0,0.02,1.5,2.0,7.1,0.0,0.1,11.7,0.8,1.9,1.9
109,38.35,5.94,51.27,63.54,10.48,17.72,44.43,100.0,17.13,13.0,2.52,143.19,19.69,11.7,22.0,1.52,940.0,980.3,205.2,178.0,178.0,43.75,9.6,9.4,0.0,35.1,4793.0,5953.0,4550.0,35.4,4808.0,5972.0,4551.0,0.3,1.0,1.0,7.0,4854.0,6013.0,4594.0,0.0,19.5,8.9,71.6,155.0,63.0,2.5,510.0,0.021,0.6,3.0,7.3,0.0,0.0,11.5,0.9,1.8,2.4
110,40.38,6.4,58.73,71.51,12.29,17.09,50.62,100.0,17.44,13.1,2.58,147.66,20.25,11.4,20.5,1.57,929.0,976.0,204.8,178.0,177.0,43.75,9.5,7.9,0.0,35.2,4783.0,5932.0,4485.0,35.7,4935.0,6105.0,4602.0,0.5,3.0,3.0,9.0,4912.0,6080.0,4572.0,0.0,19.9,8.0,72.1,162.0,65.0,2.5,494.0,0.019,0.7,2.0,7.0,0.0,0.0,11.6,1.7,1.8,2.2
111,40.19,6.4,58.73,71.51,12.29,17.09,50.62,100.0,17.44,13.1,2.58,147.66,20.25,11.4,22.2,1.54,937.0,994.1,208.9,177.0,177.0,44.64,7.8,8.7,0.0,35.9,4937.0,6098.0,4602.0,34.7,4845.0,6014.0,4533.0,-1.2,4.0,4.0,10.0,4859.0,6011.0,4535.0,0.0,19.3,8.6,72.1,158.0,63.0,2.5,488.0,0.019,0.7,3.0,7.0,0.0,0.0,11.3,1.2,1.9,2.3
112,39.96,6.4,58.73,71.51,12.29,17.09,50.62,100.0,17.44,13.1,2.58,147.66,20.25,11.4,22.3,1.53,936.0,983.2,213.7,178.0,178.0,43.84,8.1,8.7,0.0,35.7,4896.0,6050.0,4559.0,35.0,4849.0,6010.0,4536.0,-0.7,5.0,5.0,11.0,4871.0,6027.0,4544.0,0.0,19.5,8.4,72.1,160.0,64.0,2.5,497.0,0.019,0.9,2.0,7.0,0.1,0.1,11.3,0.9,1.8,2.3
113,39.79,6.1,56.36,69.52,11.71,16.35,49.1,100.0,17.15,12.99,2.44,146.29,20.16,11.7,22.0,1.51,935.0,981.6,204.3,177.0,177.0,43.37,7.8,8.1,0.0,36.2,4936.0,6076.0,4602.0,35.3,4887.0,6033.0,4567.0,-0.9,6.0,6.0,12.0,4884.0,6037.0,4563.0,0.0,19.5,8.2,72.3,161.0,65.0,2.5,500.0,0.019,0.7,3.0,7.1,0.0,0.0,11.4,1.1,1.8,2.3
114,41.86,5.78,53.7,67.22,11.17,15.44,47.33,100.0,16.76,12.81,2.3,144.34,19.95,12.0,21.2,1.55,942.0,992.0,204.1,177.0,177.0,44.94,9.1,9.0,0.0,34.7,4808.0,5941.0,4504.0,35.1,4822.0,5959.0,4526.0,0.4,7.0,1.0,13.0,4848.0,5976.0,4524.0,0.0,19.2,8.7,72.1,163.0,65.0,2.5,492.0,0.019,1.3,3.0,7.1,0.0,0.0,11.8,0.5,1.9,2.3
115,42.15,6.15,53.06,70.29,11.87,16.59,49.97,100.0,16.78,12.63,2.31,144.75,19.94,12.3,21.1,1.54,934.0,980.0,206.4,178.0,178.0,43.12,8.3,8.3,0.0,35.2,4880.0,6031.0,4567.0,35.2,4877.0,6035.0,4570.0,0.0,8.0,2.0,14.0,4902.0,6060.0,4566.0,0.0,19.9,8.1,72.0,167.0,68.0,2.5,501.0,0.019,0.4,3.0,7.2,0.0,0.0,11.8,0.6,1.9,2.2
116,43.88,6.4,52.62,72.39,12.34,17.38,51.77,100.0,16.8,12.51,2.32,145.03,19.93,12.5,21.0,1.55,938.0,997.8,205.7,177.0,177.0,45.23,8.5,9.1,0.0,34.9,4879.0,6047.0,4564.0,34.4,4827.0,6000.0,4535.0,-0.5,1.0,1.0,15.0,4858.0,6029.0,4546.0,0.0,19.6,8.8,71.6,163.0,65.0,2.5,495.0,0.019,1.0,3.0,6.9,0.0,0.0,11.8,0.7,1.9,2.2
117,39.58,5.6,51.45,63.44,10.5,19.17,45.06,100.0,16.83,12.53,2.27,142.9,19.64,11.4,21.0,1.55,934.0,991.9,205.0,178.0,177.0,44.1,8.8,9.2,0.0,35.1,4869.0,6037.0,4622.0,34.7,4835.0,5999.0,4585.0,-0.4,2.0,2.0,16.0,4857.0,6032.0,4598.0,0.0,19.7,9.0,71.3,153.0,61.0,2.5,500.0,0.02,0.9,3.0,7.0,0.1,0.1,11.7,0.8,1.9,2.0
118,40.19,5.6,51.45,63.44,10.5,19.17,45.06,100.0,16.83,12.53,2.27,142.9,19.64,11.4,20.9,1.54,934.0,986.1,204.1,177.0,178.0,43.92,9.0,9.1,0.0,35.1,4849.0,6011.0,4584.0,35.0,4844.0,6013.0,4589.0,-0.1,3.0,3.0,17.0,4863.0,6036.0,4608.0,0.0,19.7,8.9,71.4,156.0,61.0,2.6,501.0,0.02,0.7,2.0,7.1,0.0,0.0,11.6,0.8,1.7,2.4
119,39.84,5.6,51.45,63.44,10.5,19.17,45.06,100.0,16.83,12.53,2.27,142.9,19.64,11.4,21.1,1.55,935.0,923.0,204.8,178.0,178.0,43.26,8.7,8.6,0.0,35.6,4876.0,6040.0,4598.0,35.2,4880.0,6037.0,4611.0,-0.4,4.0,4.0,18.0,4873.0,6043.0,4601.0,0.0,19.8,8.7,71.5,157.0,61.0,2.6,497.0,0.02,0.5,3.0,6.9,0.0,0.0,11.9,0.5,1.9,2.2
120,40.59,5.43,49.1,62.08,10.11,19.09,44.45,100.0,16.54,12.21,2.11,141.49,19.46,12.0,21.2,1.55,935.0,1003.2,206.8,177.0,177.0,45.63,9.0,9.6,0.0,34.7,4872.0,6060.0,4633.0,34.1,4828.0,6015.0,4592.0,-0.6,5.0,5.0,19.0,4844.0,6055.0,4617.0,0.0,20.0,9.4,70.6,149.0,59.0,2.6,486.0,0.02,1.1,3.0,6.9,0.0,0.0,11.6,0.5,1.7,1.9
121,40.66,6.02,50.01,60.82,11.79,19.43,43.24,100.0,17.54,12.61,3.08,142.33,19.17,12.3,21.5,1.55,939.0,995.2,205.7,178.0,178.0,46.51,9.8,10.1,0.0,33.9,4839.0,6053.0,4654.0,33.1,4806.0,6022.0,4623.0,-0.8,6.0,6.0,20.0,4825.0,6053.0,4657.0,0.0,20.2,10.0,69.9,146.0,56.0,2.6,499.0,0.021,0.5,2.0,7.0,0.0,0.0,11.8,0.5,1.8,2.1
122,42.58,6.03,52.58,65.05,11.45,19.11,46.06,100.0,17.23,12.84,2.67,145.08,19.74,11.3,21.2,1.55,936.0,991.8,208.2,177.0,178.0,45.85,8.8,9.7,0.0,34.9,4882.0,6056.0,4600.0,33.9,4814.0,6004.0,4580.0,-1.0,7.0,1.0,1.0,4820.0,6022.0,4585.0,0.0,19.8,9.6,70.6,159.0,64.0,2.5,489.0,0.019,0.9,2.0,7.1,0.1,0.2,11.5,0.5,1.9,2.2
123,43.42,6.08,52.89,66.72,11.23,19.06,47.29,100.0,17.03,12.96,2.49,147.33,20.04,11.2,20.8,1.55,935.0,994.7,207.3,178.0,178.0,46.95,8.9,9.8,0.0,34.3,4878.0,6072.0,4614.0,33.2,4811.0,6018.0,4567.0,-1.1,8.0,2.0,2.0,4824.0,6045.0,4578.0,0.0,20.0,9.7,70.3,160.0,64.0,2.6,481.0,0.019,0.7,2.0,7.1,0.0,0.0,11.6,0.7,1.8,2.2
124,41.45,5.76,52.73,63.88,10.59,20.49,47.29,100.0,17.7,12.48,2.23,150.39,20.62,12.1,20.9,1.54,934.0,996.9,207.3,177.0,178.0,47.21,10.0,10.2,0.0,33.7,4812.0,6032.0,4626.0,33.2,4797.0,6019.0,4611.0,-0.5,9.0,3.0,3.0,4809.0,6057.0,4623.0,0.0,20.2,10.1,69.7,151.0,58.0,2.5,498.0,0.021,1.1,3.0,7.1,0.0,0.0,11.5,0.6,1.9,2.2
125,41.31,5.79,52.7,64.33,10.7,20.09,47.21,100.0,17.54,12.55,2.27,149.52,20.48,11.9,21.2,1.55,935.0,996.5,209.1,178.0,178.0,46.23,9.3,10.0,0.0,34.4,4859.0,6063.0,4635.0,33.3,4804.0,6024.0,4601.0,-1.1,10.0,4.0,4.0,4820.0,6050.0,4606.0,0.0,20.1,9.9,70.1,154.0,60.0,2.5,505.0,0.02,0.7,3.0,7.0,0.0,0.0,11.5,0.7,1.9,2.1
126,42.28,6.23,52.95,66.71,12.75,16.31,45.84,100.0,16.7,12.75,2.98,140.93,19.1,11.4,21.3,1.54,939.0,987.3,211.4,177.0,178.0,45.71,8.1,9.1,0.0,35.0,4905.0,6061.0,4595.0,33.8,4820.0,5982.0,4529.0,-1.2,11.0,5.0,5.0,4829.0,6009.0,4534.0,0.0,19.5,9.1,71.4,160.0,63.0,2.5,507.0,0.02,1.0,3.0,7.2,0.0,0.0,11.4,0.6,1.9,2.2
127,41.62,6.23,52.95,66.71,12.75,16.31,45.84,100.0,16.7,12.75,2.98,140.93,19.1,11.4,21.3,1.55,939.0,981.9,205.7,178.0,178.0,44.99,8.3,8.8,0.0,34.8,4883.0,6030.0,4577.0,34.2,4855.0,6024.0,4558.0,-0.6,12.0,6.0,6.0,4862.0,6035.0,4564.0,0.0,19.7,8.8,71.6,160.0,66.0,2.4,502.0,0.02,0.7,2.0,7.2,0.1,0.1,11.4,0.7,1.9,2.0
128,42.73,6.23,52.95,66.71,12.75,16.31,45.84,100.0,16.7,12.75,2.98,140.93,19.1,11.4,21.4,1.54,941.0,990.0,207.1,177.0,178.0,45.62,8.2,9.4,0.0,35.2,4903.0,6056.0,4550.0,34.1,4805.0,5955.0,4496.0,-1.1,1.0,1.0,7.0,4832.0,5990.0,4533.0,0.0,19.3,9.1,71.6,162.0,65.0,2.5,500.0,0.019,0.4,2.0,7.0,0.0,0.0,11.7,0.5,2.0,2.2
129,41.66,6.26,55.94,69.22,12.07,18.08,48.92,100.0,17.56,13.14,2.6,148.53,20.45,12.2,21.5,1.55,939.0,1004.4,206.4,178.0,178.0,46.67,9.1,10.1,0.0,33.8,4853.0,6027.0,4544.0,33.4,4777.0,5962.0,4509.0,-0.4,2.0,2.0,8.0,4856.0,6058.0,4580.0,0.0,20.0,9.1,70.9,158.0,64.0,2.5,516.0,0.02,0.8,3.0,7.0,0.0,0.0,11.4,0.5,1.9,2.3
130,40.89,6.26,55.94,69.22,12.07,18.08,48.92,100.0,17.56,13.14,2.6,148.53,20.45,12.2,21.4,1.55,936.0,990.8,208.2,177.0,177.0,45.23,8.9,8.2,0.0,34.4,4865.0,6034.0,4562.0,34.4,4926.0,6122.0,4643.0,0.0,3.0,3.0,9.0,4935.0,6145.0,4651.0,0.0,20.7,8.1,71.2,160.0,65.0,2.5,490.0,0.019,1.0,2.0,7.2,0.0,0.0,11.4,0.4,1.9,2.2
131,40.82,6.26,55.94,69.22,12.07,18.08,48.92,100.0,17.56,13.14,2.6,148.53,20.45,12.2,21.5,1.54,939.0,999.2,206.4,178.0,178.0,45.73,7.9,8.8,0.0,34.6,4950.0,6143.0,4665.0,33.6,4884.0,6084.0,4615.0,-1.0,4.0,4.0,10.0,4895.0,6120.0,4632.0,0.0,20.5,8.6,70.9,158.0,65.0,2.4,501.0,0.02,0.4,3.0,7.2,0.0,0.0,11.6,0.6,1.8,2.1
132,39.77,6.36,53.18,66.57,12.07,16.22,46.51,100.0,17.19,12.97,2.8,144.38,19.51,10.8,21.2,1.55,940.0,998.9,208.9,178.0,178.0,46.36,8.2,9.2,0.0,34.9,4912.0,6091.0,4625.0,33.5,4842.0,6027.0,4575.0,-1.4,1.0,1.0,12.0,4846.0,6040.0,4574.0,0.0,19.8,9.1,71.1,158.0,65.0,2.5,499.0,0.02,0.6,2.0,7.2,0.0,0.0,11.9,0.4,2.0,2.3
133,38.05,6.72,53.85,67.1,12.5,16.15,46.87,100.0,17.61,13.15,3.02,145.8,19.56,10.9,,1.55,934.0,1000.1,208.7,177.0,178.0,47.06,8.7,9.4,0.0,34.5,4875.0,6056.0,4596.0,33.4,4821.0,6003.0,4550.0,-1.1,2.0,2.0,13.0,4816.0,6037.0,4568.0,0.0,19.8,9.6,70.6,152.0,62.0,2.5,495.0,0.02,1.3,2.0,7.3,0.0,0.0,11.8,0.4,1.9,2.2
134,37.86,5.18,48.6,61.04,9.38,16.3,43.78,100.0,15.88,12.16,1.87,138.14,19.2,11.3,21.4,1.54,936.0,1001.2,206.2,178.0,177.0,46.95,9.3,9.6,0.0,34.3,4830.0,6001.0,4581.0,33.6,4809.0,5977.0,4569.0,-0.7,3.0,3.0,14.0,4817.0,6012.0,4584.0,0.0,19.6,9.6,70.8,150.0,62.0,2.4,502.0,0.021,1.1,3.0,7.2,0.0,0.0,11.8,0.4,1.9,2.4
135,38.03,5.18,48.6,61.04,9.38,16.3,43.78,100.0,15.88,12.16,1.87,138.14,19.2,11.3,21.3,1.55,936.0,1011.9,207.5,177.0,177.0,47.47,8.5,10.0,0.0,34.4,4893.0,6061.0,4635.0,32.6,4780.0,5952.0,4559.0,-1.8,4.0,4.0,15.0,4785.0,5973.0,4557.0,0.0,19.3,10.0,70.6,149.0,60.0,2.5,500.0,0.021,1.1,2.0,7.2,0.0,0.0,11.7,0.5,1.8,2.4
136,37.39,5.18,48.6,61.04,9.38,16.3,43.78,100.0,15.88,12.16,1.87,138.14,19.2,11.3,21.3,1.55,936.0,998.6,206.2,178.0,178.0,46.06,9.3,9.3,0.0,34.4,4833.0,6004.0,4589.0,34.0,4831.0,6005.0,4601.0,-0.4,5.0,5.0,16.0,4843.0,6014.0,4599.0,0.0,19.6,9.2,71.2,151.0,61.0,2.5,495.0,0.02,1.1,3.0,7.3,0.1,0.1,11.7,0.5,1.9,2.4
137,39.16,6.29,50.64,63.92,11.46,13.24,43.5,100.0,16.58,12.88,2.9,136.35,18.35,12.2,21.6,1.55,940.0,1002.1,207.5,178.0,178.0,46.58,9.7,9.3,0.0,33.4,4792.0,5964.0,4540.0,33.8,4822.0,5985.0,4562.0,0.4,7.0,1.0,1.0,4841.0,5996.0,4569.0,0.0,19.4,9.1,71.5,153.0,64.0,2.4,502.0,0.021,1.1,3.0,7.3,0.0,0.0,11.8,0.5,1.8,2.1
138,37.64,6.1,50.6,63.37,10.9,19.05,44.18,100.0,17.37,13.1,2.67,146.66,19.73,10.0,,1.55,935.0,986.1,205.2,177.0,178.0,46.06,9.5,9.5,0.0,34.7,4823.0,6003.0,4617.0,34.4,4831.0,6015.0,4609.0,-0.3,8.0,2.0,2.0,4822.0,6018.0,4606.0,0.0,19.8,9.6,70.6,152.0,60.0,2.6,497.0,0.02,1.1,3.0,7.2,0.0,0.0,11.7,0.7,1.9,2.3
139,39.77,5.3,46.87,57.56,9.93,18.07,40.6,100.0,16.34,12.12,2.43,135.81,18.57,13.1,21.3,1.55,936.0,983.6,207.5,178.0,178.0,45.3,10.4,9.8,0.0,33.7,4772.0,5962.0,4606.0,34.4,4812.0,5995.0,4621.0,0.7,9.0,3.0,3.0,4806.0,6000.0,4612.0,0.0,19.7,9.9,70.4,151.0,59.0,2.6,509.0,0.021,1.3,3.0,7.3,0.0,0.0,11.8,0.4,1.8,2.4
140,38.66,5.83,50.17,63.11,10.32,17.24,44.31,100.0,16.86,12.88,2.38,143.75,19.59,10.2,21.2,1.54,934.0,989.8,206.8,177.0,178.0,46.53,8.6,9.3,0.0,34.9,4883.0,6042.0,4623.0,33.9,4826.0,5997.0,4590.0,-1.0,10.0,4.0,4.0,4840.0,6001.0,4588.0,0.0,19.6,9.2,71.3,152.0,60.0,2.5,494.0,0.02,1.0,3.0,7.2,0.1,0.1,11.7,0.5,1.8,2.3
141,40.31,6.25,54.57,67.56,12.1,17.66,47.8,100.0,17.32,12.89,2.73,145.57,19.76,12.4,21.2,1.55,935.0,1008.1,206.6,178.0,178.0,46.12,8.7,9.5,0.0,34.4,4877.0,6059.0,4604.0,33.4,4821.0,6008.0,4568.0,-1.0,11.0,5.0,5.0,4829.0,6026.0,4572.0,0.0,19.8,9.4,70.7,156.0,61.0,2.5,497.0,0.02,1.0,3.0,7.2,0.0,0.0,11.7,0.6,1.8,2.3
142,40.54,6.25,54.57,67.56,12.1,17.66,47.8,100.0,17.32,12.89,2.73,145.57,19.76,12.4,21.4,1.54,934.0,1000.6,207.3,177.0,178.0,46.39,8.9,9.6,0.0,34.3,4864.0,6044.0,4589.0,33.4,4820.0,6008.0,4550.0,-0.9,12.0,6.0,6.0,4823.0,6022.0,4558.0,0.0,19.7,9.5,70.8,156.0,61.0,2.5,509.0,0.02,1.0,3.0,7.2,0.0,0.0,11.7,0.5,1.8,2.3
143,40.64,6.25,54.57,67.56,12.1,17.66,47.8,100.0,17.32,12.89,2.73,145.57,19.76,12.4,21.4,1.55,939.0,1011.6,206.8,178.0,178.0,46.5,9.0,10.0,0.0,33.9,4858.0,6035.0,4577.0,33.1,4790.0,5980.0,4531.0,-0.8,1.0,1.0,7.0,4802.0,5993.0,4533.0,0.0,19.5,9.8,70.7,156.0,64.0,2.4,493.0,0.02,1.1,2.0,7.3,0.0,0.0,11.8,0.5,1.9,2.3
144,38.6,6.0,53.29,65.5,11.71,18.8,46.34,100.0,17.32,12.75,2.63,145.37,19.75,12.7,21.4,1.55,937.0,1005.1,208.9,177.0,178.0,44.78,9.3,9.7,0.0,34.2,4846.0,6027.0,4608.0,33.7,4612.0,5999.0,4581.0,-0.5,2.0,2.0,8.0,4851.0,6049.0,4596.0,0.0,20.0,9.3,70.7,153.0,62.0,2.5,485.0,0.02,1.8,2.0,7.3,0.1,0.1,11.5,0.5,1.9,2.2
145,38.13,6.0,53.29,65.5,11.71,18.8,46.34,100.0,17.32,12.75,2.63,145.37,19.75,12.7,21.6,1.54,938.0,1014.4,206.4,178.0,178.0,44.52,9.3,9.4,0.0,34.2,4847.0,6029.0,4610.0,33.7,4831.0,6012.0,4605.0,-0.5,3.0,3.0,9.0,4844.0,6035.0,4588.0,0.0,19.9,9.4,70.7,152.0,63.0,2.4,517.0,0.021,1.0,3.0,7.3,0.0,0.0,11.8,0.5,1.9,1.8
146,40.1,6.0,53.29,65.5,11.71,18.8,46.34,100.0,17.32,12.75,2.63,145.37,19.75,12.7,21.6,1.55,941.0,1012.5,206.6,177.0,177.0,46.46,9.1,9.6,0.0,34.4,4858.0,6046.0,4619.0,33.5,4813.0,6004.0,4590.0,-0.9,4.0,1.0,10.0,4827.0,6011.0,4581.0,0.0,19.7,9.6,70.7,153.0,61.0,2.5,472.0,0.019,2.0,2.0,7.1,0.0,0.0,11.7,0.5,1.8,1.9
147,39.14,5.49,48.03,58.99,10.24,18.3,41.5,100.0,16.61,12.34,2.55,137.49,18.77,13.0,21.4,1.54,939.0,998.5,209.8,177.0,178.0,45.23,9.9,10.1,0.0,34.2,4802.0,5990.0,4620.0,34.0,4786.0,5983.0,4614.0,-0.2,6.0,3.0,12.0,4783.0,5983.0,4597.0,0.0,19.5,10.2,70.3,149.0,59.0,2.5,490.0,0.021,0.7,2.0,7.2,0.0,0.0,11.9,0.6,1.8,2.1
148,38.63,5.3,46.87,57.56,9.93,18.07,40.6,100.0,16.34,12.12,2.43,135.81,18.57,13.3,21.4,1.54,940.0,1012.2,209.4,178.0,178.0,46.74,9.4,10.6,0.0,34.0,4858.0,6067.0,4677.0,32.8,4768.0,5964.0,4596.0,-1.2,7.0,4.0,13.0,4776.0,5995.0,4607.0,0.0,19.7,10.5,69.8,143.0,56.0,2.5,496.0,0.022,1.0,3.0,7.1,0.1,0.1,11.9,0.4,1.7,1.8
149,41.43,5.54,52.48,64.98,10.3,18.24,45.86,100.0,17.07,12.9,2.18,145.88,20.08,13.4,21.4,1.54,939.0,1007.6,208.9,177.0,177.0,45.54,9.0,9.4,0.0,34.4,4862.0,6036.0,4601.0,33.5,4832.0,6003.0,4578.0,-0.9,8.0,5.0,14.0,4841.0,6023.0,4581.0,0.0,19.8,9.3,70.9,151.0,60.0,2.5,470.0,0.019,1.3,2.0,7.2,0.0,0.0,12.0,0.5,1.8,1.9
150,40.96,5.54,52.29,64.61,10.32,18.52,45.76,100.0,17.05,12.82,2.19,145.59,20.02,13.3,21.1,1.54,936.0,1022.3,206.4,178.0,178.0,46.26,9.3,10.1,0.0,34.2,4843.0,6021.0,4597.0,33.2,4780.0,5971.0,4553.0,-1.0,9.0,6.0,15.0,4781.0,5983.0,4551.0,0.0,19.5,10.1,70.4,148.0,59.0,2.5,507.0,0.021,0.6,3.0,7.2,0.0,0.0,11.7,0.6,1.7,2.3
151,37.89,6.25,52.68,65.12,11.64,18.11,45.42,100.0,17.51,13.01,2.88,145.07,19.56,12.7,21.5,1.6,946.0,1005.0,210.5,178.0,178.0,45.76,8.3,9.8,0.0,34.6,4920.0,6093.0,4648.0,33.3,4797.0,5977.0,4570.0,-1.3,1.0,1.0,16.0,4812.0,6008.0,4567.0,0.0,19.7,9.7,70.6,154.0,63.0,2.5,500.0,0.02,0.8,3.0,7.4,0.0,0.0,11.6,0.7,1.9,1.9
152,37.42,6.25,52.68,65.12,11.64,18.11,45.42,100.0,17.51,13.01,2.88,145.07,19.56,12.7,21.7,1.59,939.0,998.0,205.5,177.0,177.0,44.9,9.5,9.5,0.0,34.3,4831.0,6017.0,4591.0,34.2,4821.0,6009.0,4586.0,-0.1,2.0,2.0,17.0,4864.0,6056.0,4600.0,0.0,20.0,9.0,71.0,155.0,63.0,2.4,493.0,0.02,1.8,2.0,7.3,0.0,0.0,11.3,0.5,1.9,2.1
153,37.51,6.25,52.68,65.12,11.64,18.11,45.42,100.0,17.51,13.01,2.88,145.07,19.56,12.7,21.3,1.6,934.0,997.1,206.2,178.0,178.0,45.3,9.5,9.4,0.0,34.4,4824.0,6003.0,4586.0,34.3,4832.0,6012.0,4589.0,-0.1,3.0,3.0,18.0,4839.0,6019.0,4585.0,0.0,19.7,9.3,70.9,154.0,61.0,2.5,501.0,0.02,0.7,3.0,7.3,0.1,0.1,10.7,0.7,1.8,2.1
154,37.92,6.22,52.76,65.13,11.5,18.55,45.48,100.0,17.57,13.08,2.88,145.1,19.64,12.7,21.2,1.6,936.0,1006.1,207.3,177.0,177.0,45.28,8.7,9.5,0.0,34.7,4887.0,6076.0,4637.0,33.9,4829.0,6012.0,4599.0,-0.8,4.0,4.0,19.0,4844.0,6025.0,4594.0,0.0,19.8,9.3,70.9,152.0,61.0,2.5,470.0,0.019,1.7,2.0,7.3,0.0,0.0,11.3,0.5,1.8,1.8
155,36.77,5.9,51.37,63.65,10.76,19.9,45.07,100.0,17.06,12.78,2.46,144.98,19.73,12.4,21.3,1.54,935.0,990.5,205.7,177.0,177.0,44.38,9.1,9.1,0.0,35.0,4850.0,6015.0,4611.0,34.9,4856.0,6027.0,4618.0,-0.1,7.0,3.0,3.0,4852.0,6031.0,4606.0,0.0,19.8,9.1,71.0,152.0,65.0,2.3,505.0,0.021,1.5,3.0,7.3,0.0,0.0,11.0,0.4,1.9,2.3
156,37.14,5.9,51.37,63.65,10.76,19.9,45.07,100.0,17.06,12.78,2.46,144.98,19.73,12.4,21.0,1.55,934.0,1002.4,206.2,178.0,178.0,44.25,9.1,9.3,0.0,34.9,4854.0,6014.0,4617.0,34.6,4834.0,6009.0,4601.0,-0.3,8.0,4.0,4.0,4839.0,6015.0,4594.0,0.0,19.7,9.3,71.0,154.0,64.0,2.4,517.0,0.021,0.4,3.0,7.3,0.1,0.2,10.9,0.5,1.9,2.3
157,37.73,5.9,51.37,63.65,10.76,19.9,45.07,100.0,17.06,12.78,2.46,144.98,19.73,12.4,21.2,1.55,940.0,984.3,204.3,177.0,177.0,44.38,9.0,9.7,0.0,35.3,4861.0,6025.0,4611.0,34.8,4805.0,5975.0,4570.0,-0.5,9.0,5.0,5.0,4862.0,6060.0,4609.0,0.0,20.1,9.1,70.8,156.0,63.0,2.5,502.0,0.02,1.7,3.0,7.3,0.0,0.0,12.0,0.5,1.8,2.3
158,38.03,5.7,52.77,66.25,10.5,15.18,47.07,100.0,16.67,12.84,2.17,144.39,19.93,12.1,21.4,1.55,938.0,1005.3,207.1,178.0,178.0,44.86,8.5,8.8,0.0,34.8,4868.0,6012.0,4561.0,34.5,4844.0,5982.0,4542.0,-0.3,10.0,1.0,6.0,4852.0,6009.0,4556.0,0.0,19.4,8.8,71.8,156.0,64.0,2.5,502.0,0.02,0.9,3.0,7.3,0.0,0.0,12.1,0.3,1.8,2.3
159,37.86,5.7,52.77,66.25,10.5,15.18,47.07,100.0,16.67,12.84,2.17,144.39,19.93,12.1,21.3,1.55,936.0,1003.8,206.2,177.0,177.0,44.09,7.7,8.1,0.0,35.3,4924.0,6050.0,4597.0,34.8,4897.0,6022.0,4586.0,-0.5,11.0,2.0,7.0,4906.0,6040.0,4586.0,0.0,19.7,8.0,72.3,158.0,65.0,2.4,481.0,0.019,1.3,2.0,7.2,0.0,0.0,12.1,0.7,1.8,2.1
160,38.31,5.7,52.77,66.25,10.5,15.18,47.07,100.0,16.67,12.84,2.17,144.39,19.93,12.1,21.5,1.54,934.0,1009.5,205.7,178.0,178.0,44.62,7.8,8.6,0.0,35.2,4925.0,6058.0,4601.0,34.6,4863.0,6016.0,4594.0,-0.6,12.0,3.0,8.0,4906.0,6047.0,4585.0,0.0,19.7,8.1,72.2,158.0,63.0,2.5,506.0,0.02,0.9,3.0,7.3,0.0,0.0,12.0,0.3,1.8,2.3
161,38.66,5.97,53.13,66.58,11.0,16.55,46.77,100.0,16.97,13.0,2.4,145.03,19.88,12.1,21.1,1.54,938.0,1015.1,207.5,178.0,178.0,45.51,8.8,9.2,0.0,34.5,4856.0,6022.0,4579.0,34.1,4820.0,5989.0,4544.0,-0.4,2.0,1.0,10.0,4846.0,6015.0,4541.0,0.0,19.6,9.0,71.4,158.0,64.0,2.5,520.0,0.021,0.5,3.0,7.4,0.0,0.0,11.7,0.3,1.9,1.8
162,38.65,6.39,53.72,67.13,11.75,18.61,46.32,100.0,17.44,13.25,2.75,145.96,19.8,12.4,21.0,1.55,936.0,1020.8,206.6,177.0,177.0,46.22,8.8,9.2,0.0,34.7,4866.0,6040.0,4571.0,34.0,4844.0,6028.0,4553.0,-0.7,9.0,5.0,17.0,4855.0,6055.0,4581.0,0.0,19.9,9.1,71.0,158.0,65.0,2.4,482.0,0.019,1.6,3.0,7.3,0.0,0.0,11.5,0.6,1.8,2.2
163,38.67,5.36,53.39,65.3,12.05,18.57,46.91,100.0,16.42,12.32,2.31,144.29,19.71,11.5,21.2,1.55,939.0,1014.5,206.6,177.0,177.0,45.87,9.3,9.9,0.0,34.4,4833.0,6020.0,4569.0,34.1,4789.0,5973.0,4532.0,-0.3,1.0,1.0,19.0,4809.0,5990.0,4536.0,0.0,19.5,9.6,70.9,155.0,61.0,2.5,488.0,0.02,1.0,3.0,7.3,0.1,0.1,11.8,0.4,1.8,2.4
164,38.42,5.27,52.45,64.09,10.84,18.1,46.02,100.0,16.35,12.22,1.77,143.59,19.66,11.4,21.2,1.55,933.0,1029.0,205.9,178.0,177.0,47.7,10.5,10.3,0.0,33.5,4750.0,5952.0,4516.0,33.5,4765.0,5956.0,4520.0,0.0,2.0,2.0,20.0,4790.0,5993.0,4541.0,0.0,19.5,10.1,70.4,149.0,59.0,2.5,512.0,0.021,1.8,3.0,7.3,0.0,0.0,11.6,0.4,1.8,2.3
165,39.15,4.58,49.56,61.08,9.84,18.68,43.53,100.0,16.16,12.14,1.99,139.64,18.8,11.6,21.2,1.55,933.0,1008.0,205.5,177.0,178.0,45.51,9.3,10.1,0.0,34.4,4795.0,5982.0,4600.0,34.4,4785.0,5984.0,4587.0,0.0,3.0,3.0,21.0,4815.0,5991.0,4597.0,0.0,19.6,9.7,70.7,151.0,61.0,2.5,511.0,0.021,1.1,3.0,7.2,0.0,0.0,11.4,0.8,1.7,2.2
166,38.82,4.58,49.56,61.08,9.84,18.68,43.53,100.0,16.16,12.14,1.99,139.64,18.8,11.6,21.2,1.55,934.0,999.9,208.2,178.0,178.0,45.13,9.4,9.6,0.0,34.8,4832.0,6024.0,4625.0,34.7,4816.0,6001.0,4601.0,-0.1,4.0,4.0,22.0,4837.0,6024.0,4608.0,0.0,19.8,9.4,70.8,151.0,60.0,2.5,507.0,0.021,1.9,3.0,7.3,0.0,0.0,11.4,0.7,1.8,2.4
167,39.08,4.58,49.56,61.08,9.84,18.68,43.53,100.0,16.16,12.14,1.99,139.64,18.8,11.6,20.0,1.55,928.0,1003.2,206.6,177.0,177.0,45.73,9.7,10.0,0.0,34.4,4815.0,6010.0,4618.0,34.4,4786.0,5986.0,4590.0,0.0,5.0,5.0,23.0,4815.0,6011.0,4594.0,0.0,19.7,9.7,70.5,150.0,60.0,2.5,518.0,0.022,1.6,3.0,7.3,0.0,0.0,11.3,0.5,1.7,2.1
168,38.9,7.7,62.92,75.91,13.49,16.1,55.29,100.0,18.28,13.83,3.2,149.91,21.23,11.3,20.8,1.55,934.0,1014.6,208.7,177.0,177.0,46.04,8.2,8.2,0.0,34.8,4882.0,6022.0,4606.0,34.8,4884.0,6026.0,4613.0,0.0,7.0,1.0,1.0,4903.0,6034.0,4606.0,0.0,19.5,8.0,72.5,158.0,66.0,2.4,475.0,0.019,1.6,3.0,0.0,0.0,0.0,11.8,0.2,1.8,2.2
169,39.62,6.39,59.1,71.04,11.52,21.82,53.53,100.0,17.93,12.92,2.38,155.77,20.76,12.5,19.9,1.55,933.0,1005.1,205.2,178.0,177.0,45.31,8.8,9.1,0.0,34.9,4878.0,6058.0,4641.0,34.6,4853.0,6047.0,4630.0,-0.3,8.0,2.0,2.0,4872.0,6058.0,4629.0,0.0,20.1,8.9,71.0,160.0,66.0,2.4,496.0,0.019,1.4,3.0,0.0,0.0,0.0,11.6,0.3,1.8,2.5
170,39.77,6.63,59.81,71.94,11.89,20.76,53.86,100.0,17.99,13.09,2.53,154.68,20.85,14.1,20.0,1.54,936.0,1029.7,206.8,177.0,178.0,44.77,9.0,9.4,0.0,34.7,4860.0,6041.0,4617.0,34.0,4822.0,6000.0,4588.0,-0.7,9.0,3.0,3.0,4832.0,6013.0,4585.0,0.0,19.7,9.4,71.0,160.0,63.0,2.5,496.0,0.019,0.6,3.0,0.0,0.0,0.0,11.7,0.5,1.8,2.2
171,39.66,6.71,56.32,66.19,12.35,20.02,50.26,100.0,17.54,12.5,2.82,143.45,20.32,12.8,21.5,1.54,935.0,1027.0,206.2,178.0,177.0,46.78,9.6,9.6,0.0,33.9,4829.0,6026.0,4621.0,33.5,4815.0,6011.0,4612.0,-0.4,2.0,2.0,8.0,,,,,,,,156.0,,,,,2.3,0.0,0.0,0.0,0.0,0.0,0.6,0.0,0.0
172,39.68,6.87,56.74,66.61,12.55,20.18,50.8,100.0,17.48,12.41,2.82,143.1,20.24,12.8,21.5,1.56,933.0,1032.0,206.6,177.0,178.0,46.51,9.5,9.9,0.0,34.0,4833.0,6029.0,4608.0,33.5,4807.0,6001.0,4584.0,-0.5,0.0,0.0,0.0,,,,,,,,158.0,,,,,1.0,0.0,0.0,0.0,0.0,0.0,0.6,0.0,0.0
173,42.23,7.5,58.41,68.3,13.33,20.81,52.96,100.0,17.23,12.04,2.83,141.72,19.92,13.0,20.4,1.55,930.0,1040.0,208.7,178.0,177.0,48.05,10.1,10.4,0.0,33.1,4795.0,6000.0,4557.0,32.8,4764.0,5977.0,4538.0,-0.3,0.0,0.0,0.0,,,,,,,,167.0,,,,,1.3,0.0,0.0,0.0,0.0,0.0,0.6,0.0,0.0
174,38.48,7.53,58.36,69.25,14.35,20.57,51.31,100.0,17.87,12.77,3.55,145.56,20.04,14.1,21.6,1.55,935.0,1044.8,208.0,177.0,177.0,48.11,10.2,10.3,0.0,32.9,4793.0,6029.0,4600.0,32.4,4787.0,6030.0,4592.0,-0.5,0.0,0.0,0.0,,,,,,,,156.0,,,,,2.3,0.0,0.0,0.0,0.0,0.0,0.5,0.0,0.0
175,39.49,7.53,58.36,69.25,14.35,20.57,51.31,100.0,17.87,12.77,3.55,145.56,20.04,14.1,20.8,1.55,932.0,1053.8,207.5,178.0,178.0,48.13,9.9,10.3,0.0,32.9,4824.0,6068.0,4630.0,32.0,4795.0,6050.0,4607.0,-0.9,0.0,0.0,0.0,,,,,,,,160.0,,,,,0.9,0.0,0.0,0.0,0.0,0.0,0.6,0.0,0.0
